alba_name,sub_code,context
일반음식점,1010,"조리사 및 주방장은 예민한 미각이 필요하며 새로운 음식 메뉴를 개발하기 위해 진취적이고 창의적인 사람에게 적합하다. 오랜 시간 서서 일해야 하기 때문에 이를 견딜 수 있는 인내심과 끈기, 체력이 요구된다. 주방에서 여럿이 같이 조리하는 경우가 많아 협동심이 필요하고, 또 고객에 대한 서비스 정신이 필요하다. 예술형과 탐구형의 흥미를 가진 사람에게 적합하다.무엇보다 설거지, 청소, 음식재료 다듬기 등의 힘든 일을 잘 견디어낼 수 있는 인내심과 끈기, 강인한 체력이 요구된다. 평소 음식 만들기를 좋아하고 미각이 발달한 사람에게 적합하다. 현실형과 예술형의 흥미를 가진 사람에게 적합하며, 정직, 남에 대한 배려, 신뢰성, 적응력 등의 성격을 가진 사람들에게 유리하다.제품이나 서비스의 대한 정확한 가격을 파악하여 고객에게 정확하고 신속하게 금액을 징수하고 거스름돈을 준비할 수 있는 계산능력이 요구된다. 고객에 대한 서비스 정신과 적극성, 친절함 등이 요구된다. 관습형과 현실형의 흥미를 가진 사람에게 적합하며, 정직, 남에 대한 배려, 사회성 등의 성격을 가진 사람들에게 유리하다."
레스토랑,1020,"각종 와인의 종류와 맛, 음식과의 궁합에 대해 알고 있어야 하며, 이를 위해 포도의 품종, 숙성방법, 원산지, 수확연도 등 와인의 특징과 보관방법에 대한 풍부한 지식이 요구된다. 와인을 서비스하는데 필요한 기본적인 기물이나 장비들을 자유롭게 사용할 수 있어야 하며, 고객이 편안하게 와인을 즐길 수 있도록 하는 고객 서비스 정신이 요구된다. 와인을 좋아해야하며, 계속해서 변화하는 와인의 세계적 흐름을 파악하고 이에 대해 공부하는 자세가 필요하다.조리사 및 주방장은 예민한 미각이 필요하며 새로운 음식 메뉴를 개발하기 위해 진취적이고 창의적인 사람에게 적합하다. 오랜 시간 서서 일해야 하기 때문에 이를 견딜 수 있는 인내심과 끈기, 체력이 요구된다. 주방에서 여럿이 같이 조리하는 경우가 많아 협동심이 필요하고, 또 고객에 대한 서비스 정신이 필요하다. 예술형과 탐구형의 흥미를 가진 사람에게 적합하다.요리에 대한 전문적 지식과 요리능력, 기본적인 테이블 매너, 음식과 소품의 장식 능력, 음식의 다양한 물리적, 화학적 변화에 대한 지식과 이해가 요구된다. 또한 미적감각과 색채감각 역시 갖추고 있으면 유리하다. 요리와 가장 잘 어울리는 그릇과 소품 등을 찾아낼 수 있는 안목과 상황에 따라 쉽게 변할 수 있는 촬영 조건에 유연하게 대처할 수 있는 재빠른 판단능력과 대처능력이 요구된다. 꾸준한 조사와 연구를 통해 새로운 아이디어를 제시할 수 있어야 한다.정확하게 고객의 주문을 받고 주방에 고객의 식사 주문 정보를 정확하게 전달할 수 있는 능력과 고객의 불편 사항들을 유연하게 조정할 수 있는 고객 서비스 정신이 요구된다. 다양한 사람들을 만나고 응대해야하므로 적극적이고 활동적인 사람에게 적합하다. 장시간 동안 서있거나 무거운 접시들을 나르고 정리해야 하므로 강인한 체력이 요구된다. 사회형과 관습형의 흥미를 가진 사람에게 적합하며, 남에 대한 배려, 적응력, 융통성, 사회성 등이 요구된다."
패밀리레스토랑,1030,"각종 와인의 종류와 맛, 음식과의 궁합에 대해 알고 있어야 하며, 이를 위해 포도의 품종, 숙성방법, 원산지, 수확연도 등 와인의 특징과 보관방법에 대한 풍부한 지식이 요구된다. 와인을 서비스하는데 필요한 기본적인 기물이나 장비들을 자유롭게 사용할 수 있어야 하며, 고객이 편안하게 와인을 즐길 수 있도록 하는 고객 서비스 정신이 요구된다. 와인을 좋아해야하며, 계속해서 변화하는 와인의 세계적 흐름을 파악하고 이에 대해 공부하는 자세가 필요하다.요리에 대한 전문적 지식과 요리능력, 기본적인 테이블 매너, 음식과 소품의 장식 능력, 음식의 다양한 물리적, 화학적 변화에 대한 지식과 이해가 요구된다. 또한 미적감각과 색채감각 역시 갖추고 있으면 유리하다. 요리와 가장 잘 어울리는 그릇과 소품 등을 찾아낼 수 있는 안목과 상황에 따라 쉽게 변할 수 있는 촬영 조건에 유연하게 대처할 수 있는 재빠른 판단능력과 대처능력이 요구된다. 꾸준한 조사와 연구를 통해 새로운 아이디어를 제시할 수 있어야 한다.정확하게 고객의 주문을 받고 주방에 고객의 식사 주문 정보를 정확하게 전달할 수 있는 능력과 고객의 불편 사항들을 유연하게 조정할 수 있는 고객 서비스 정신이 요구된다. 다양한 사람들을 만나고 응대해야하므로 적극적이고 활동적인 사람에게 적합하다. 장시간 동안 서있거나 무거운 접시들을 나르고 정리해야 하므로 강인한 체력이 요구된다. 사회형과 관습형의 흥미를 가진 사람에게 적합하며, 남에 대한 배려, 적응력, 융통성, 사회성 등이 요구된다."
패스트푸드점,1040,"무엇보다 설거지, 청소, 음식재료 다듬기 등의 힘든 일을 잘 견디어낼 수 있는 인내심과 끈기, 강인한 체력이 요구된다. 평소 음식 만들기를 좋아하고 미각이 발달한 사람에게 적합하다. 현실형과 예술형의 흥미를 가진 사람에게 적합하며, 정직, 남에 대한 배려, 신뢰성, 적응력 등의 성격을 가진 사람들에게 유리하다.정확하게 고객의 주문을 받고 주방에 고객의 식사 주문 정보를 정확하게 전달할 수 있는 능력과 고객의 불편 사항들을 유연하게 조정할 수 있는 고객 서비스 정신이 요구된다. 다양한 사람들을 만나고 응대해야하므로 적극적이고 활동적인 사람에게 적합하다. 장시간 동안 서있거나 무거운 접시들을 나르고 정리해야 하므로 강인한 체력이 요구된다. 사회형과 관습형의 흥미를 가진 사람에게 적합하며, 남에 대한 배려, 적응력, 융통성, 사회성 등이 요구된다.제품이나 서비스의 대한 정확한 가격을 파악하여 고객에게 정확하고 신속하게 금액을 징수하고 거스름돈을 준비할 수 있는 계산능력이 요구된다. 고객에 대한 서비스 정신과 적극성, 친절함 등이 요구된다. 관습형과 현실형의 흥미를 가진 사람에게 적합하며, 정직, 남에 대한 배려, 사회성 등의 성격을 가진 사람들에게 유리하다."
치킨ㆍ피자전문점,1050,"무엇보다 설거지, 청소, 음식재료 다듬기 등의 힘든 일을 잘 견디어낼 수 있는 인내심과 끈기, 강인한 체력이 요구된다. 평소 음식 만들기를 좋아하고 미각이 발달한 사람에게 적합하다. 현실형과 예술형의 흥미를 가진 사람에게 적합하며, 정직, 남에 대한 배려, 신뢰성, 적응력 등의 성격을 가진 사람들에게 유리하다.정확하게 고객의 주문을 받고 주방에 고객의 식사 주문 정보를 정확하게 전달할 수 있는 능력과 고객의 불편 사항들을 유연하게 조정할 수 있는 고객 서비스 정신이 요구된다. 다양한 사람들을 만나고 응대해야하므로 적극적이고 활동적인 사람에게 적합하다. 장시간 동안 서있거나 무거운 접시들을 나르고 정리해야 하므로 강인한 체력이 요구된다. 사회형과 관습형의 흥미를 가진 사람에게 적합하며, 남에 대한 배려, 적응력, 융통성, 사회성 등이 요구된다.제품이나 서비스의 대한 정확한 가격을 파악하여 고객에게 정확하고 신속하게 금액을 징수하고 거스름돈을 준비할 수 있는 계산능력이 요구된다. 고객에 대한 서비스 정신과 적극성, 친절함 등이 요구된다. 관습형과 현실형의 흥미를 가진 사람에게 적합하며, 정직, 남에 대한 배려, 사회성 등의 성격을 가진 사람들에게 유리하다."
커피전문점,1060,"각종 커피의 종류와 맛 그리고 향에 대해 알고 있어야 하며, 커피기계를 활용하여 커피를 만들어낼 수 있는 능력이 요구된다. 고객의 기호를 파악하여 맛을 창조할 수 있는 능력이 필요하다. 새로운 커피 음료를 개발하기 위해 끊임없이 탐구하는 자세가 필요하며, 고객이 편안하게 커피를 즐길 수 있도록 하는 고객 서비스 정신이 요구된다.정확하게 고객의 주문을 받고 주방에 고객의 식사 주문 정보를 정확하게 전달할 수 있는 능력과 고객의 불편 사항들을 유연하게 조정할 수 있는 고객 서비스 정신이 요구된다. 다양한 사람들을 만나고 응대해야하므로 적극적이고 활동적인 사람에게 적합하다. 장시간 동안 서있거나 무거운 접시들을 나르고 정리해야 하므로 강인한 체력이 요구된다. 사회형과 관습형의 흥미를 가진 사람에게 적합하며, 남에 대한 배려, 적응력, 융통성, 사회성 등이 요구된다.제품이나 서비스의 대한 정확한 가격을 파악하여 고객에게 정확하고 신속하게 금액을 징수하고 거스름돈을 준비할 수 있는 계산능력이 요구된다. 고객에 대한 서비스 정신과 적극성, 친절함 등이 요구된다. 관습형과 현실형의 흥미를 가진 사람에게 적합하며, 정직, 남에 대한 배려, 사회성 등의 성격을 가진 사람들에게 유리하다."
아이스크림ㆍ디저트,1070,"정확하게 고객의 주문을 받고 주방에 고객의 식사 주문 정보를 정확하게 전달할 수 있는 능력과 고객의 불편 사항들을 유연하게 조정할 수 있는 고객 서비스 정신이 요구된다. 다양한 사람들을 만나고 응대해야하므로 적극적이고 활동적인 사람에게 적합하다. 장시간 동안 서있거나 무거운 접시들을 나르고 정리해야 하므로 강인한 체력이 요구된다. 사회형과 관습형의 흥미를 가진 사람에게 적합하며, 남에 대한 배려, 적응력, 융통성, 사회성 등이 요구된다.각종 커피의 종류와 맛 그리고 향에 대해 알고 있어야 하며, 커피기계를 활용하여 커피를 만들어낼 수 있는 능력이 요구된다. 고객의 기호를 파악하여 맛을 창조할 수 있는 능력이 필요하다. 새로운 커피 음료를 개발하기 위해 끊임없이 탐구하는 자세가 필요하며, 고객이 편안하게 커피를 즐길 수 있도록 하는 고객 서비스 정신이 요구된다.제품이나 서비스의 대한 정확한 가격을 파악하여 고객에게 정확하고 신속하게 금액을 징수하고 거스름돈을 준비할 수 있는 계산능력이 요구된다. 고객에 대한 서비스 정신과 적극성, 친절함 등이 요구된다. 관습형과 현실형의 흥미를 가진 사람에게 적합하며, 정직, 남에 대한 배려, 사회성 등의 성격을 가진 사람들에게 유리하다."
베이커리ㆍ도넛ㆍ떡,1080,"제과사 및 제빵사는 예민한 미각과 아름다운 제품을 만들기 위한 미적 감각이 필요하며 새로운 빵, 과자 등을 개발할 수 있는 창의력을 갖추어야 한다. 정교한 손놀림, 꼼꼼함을 갖추면 유리하며, 장시간 서서 작업하기 때문에 체력과 인내심이 있어야 한다. 예술형과 탐구형의 흥미를 가진 사람에게 적합하며, 혁신, 사회성, 리더십 등의 성격을 가진 사람들에게 유리하다.제품이나 서비스의 대한 정확한 가격을 파악하여 고객에게 정확하고 신속하게 금액을 징수하고 거스름돈을 준비할 수 있는 계산능력이 요구된다. 고객에 대한 서비스 정신과 적극성, 친절함 등이 요구된다. 관습형과 현실형의 흥미를 가진 사람에게 적합하며, 정직, 남에 대한 배려, 사회성 등의 성격을 가진 사람들에게 유리하다."
호프ㆍ일반주점,1090,"정확하게 고객의 주문을 받고 주방에 고객의 식사 주문 정보를 정확하게 전달할 수 있는 능력과 고객의 불편 사항들을 유연하게 조정할 수 있는 고객 서비스 정신이 요구된다. 다양한 사람들을 만나고 응대해야하므로 적극적이고 활동적인 사람에게 적합하다. 장시간 동안 서있거나 무거운 접시들을 나르고 정리해야 하므로 강인한 체력이 요구된다. 사회형과 관습형의 흥미를 가진 사람에게 적합하며, 남에 대한 배려, 적응력, 융통성, 사회성 등이 요구된다.바텐더는 미각이 뛰어나야 하며 항상 새로운 것을 만들어내려고 하는 실험정신이 필요하며 춤, 노래, 손재주 등 엔터테이너적인 자질과 능력이 요구된다. 낮과 밤이 바뀐 생활을 하므로 체력적으로 건강해야 하고 고객과의 지속적인 대화를 이끌어 낼 수 있는 친절함과 서비스 정신이 요구된다. 예술형과 현실형의 흥미를 가진 사람에게 적합하며, 사회성, 남에 대한 배려, 자기통제 능력, 적응력 등의 성격을 가진 사람들에게 유리하다.영양사는 음식과 건강에 대한 전문적인 지식이 필요하며 조리법이나 음식메뉴를 개발하는 경우 분석적 사고 능력이 요구된다. 함께 근무하는 조리사 및 기타 종사자들과 원활한 의사소통이 가능해야 하며, 식단 및 소요 경비를 계획하거나 식품의 영양적 요건을 계산해야 하므로 꼼꼼함이 요구된다. 관습형과 현실형의 흥미를 가진 사람에게 적합하며, 리더십, 정직성, 꼼꼼함 등의 성격을 가진 사람들에게 유리하다."
바(bar),1100,
급식ㆍ푸드시스템,1110,"무엇보다 설거지, 청소, 음식재료 다듬기 등의 힘든 일을 잘 견디어낼 수 있는 인내심과 끈기, 강인한 체력이 요구된다. 평소 음식 만들기를 좋아하고 미각이 발달한 사람에게 적합하다. 현실형과 예술형의 흥미를 가진 사람에게 적합하며, 정직, 남에 대한 배려, 신뢰성, 적응력 등의 성격을 가진 사람들에게 유리하다.조리사 및 주방장은 예민한 미각이 필요하며 새로운 음식 메뉴를 개발하기 위해 진취적이고 창의적인 사람에게 적합하다. 오랜 시간 서서 일해야 하기 때문에 이를 견딜 수 있는 인내심과 끈기, 체력이 요구된다. 주방에서 여럿이 같이 조리하는 경우가 많아 협동심이 필요하고, 또 고객에 대한 서비스 정신이 필요하다. 예술형과 탐구형의 흥미를 가진 사람에게 적합하다.영양사는 음식과 건강에 대한 전문적인 지식이 필요하며 조리법이나 음식메뉴를 개발하는 경우 분석적 사고 능력이 요구된다. 함께 근무하는 조리사 및 기타 종사자들과 원활한 의사소통이 가능해야 하며, 식단 및 소요 경비를 계획하거나 식품의 영양적 요건을 계산해야 하므로 꼼꼼함이 요구된다. 관습형과 현실형의 흥미를 가진 사람에게 적합하며, 리더십, 정직성, 꼼꼼함 등의 성격을 가진 사람들에게 유리하다."
도시락ㆍ반찬,1120,"무엇보다 설거지, 청소, 음식재료 다듬기 등의 힘든 일을 잘 견디어낼 수 있는 인내심과 끈기, 강인한 체력이 요구된다. 평소 음식 만들기를 좋아하고 미각이 발달한 사람에게 적합하다. 현실형과 예술형의 흥미를 가진 사람에게 적합하며, 정직, 남에 대한 배려, 신뢰성, 적응력 등의 성격을 가진 사람들에게 유리하다.조리사 및 주방장은 예민한 미각이 필요하며 새로운 음식 메뉴를 개발하기 위해 진취적이고 창의적인 사람에게 적합하다. 오랜 시간 서서 일해야 하기 때문에 이를 견딜 수 있는 인내심과 끈기, 체력이 요구된다. 주방에서 여럿이 같이 조리하는 경우가 많아 협동심이 필요하고, 또 고객에 대한 서비스 정신이 필요하다. 예술형과 탐구형의 흥미를 가진 사람에게 적합하다."
백화점ㆍ면세점,2010,"영업원은 기본적인 영업능력, 말하기, 설득력, 협상능력, 상황대처능력이 필요하며, 영업품목과 관련된 해박한 제품지식이 필요하다. 많은 잠재고객을 상대함에 따라 적극적이고 긍정적인 사고를 갖는 것이 중요하며 고객에게 신뢰감을 줄 수 있는 능력이 요구된다.책임감과 조심성이 있는 사람에게 적합하며, 혁신, 적응성 및 융통성, 분석적 사고 등의 성격을 가진 사람들에게 유리하다. 소비자가 상품을 사게끔 만드는 혁신적이고 창의적인 생각을 할 수 있는 사람에게 유리하다. 풍부한 마케팅 전공 지식과 실무 경험이 필요하다. 상품에 대한 시장분석자료를 분석하고 이를 바탕으로 시장의 미래 수요 및 소비자의 행동을 예측할 수 있는 통찰력과 판단력이 요구된다. 시장분석자료를 가지고 마케팅 전략 보고서나 기획안을 작성하고, 이를 상사나 의뢰자에게 설득시킬 수 있는 논리적인 설득력, 언어능력이 요구된다. 여러 명이 팀을 꾸려 업무를 진행하는 경우가 많기 때문에 타인을 배려할 수 있는 성품과 원만한 대인관계를 유지할 수 있는 능력을 갖추어야 한다.제품이나 서비스의 대한 정확한 가격을 파악하여 고객에게 정확하고 신속하게 금액을 징수하고 거스름돈을 준비할 수 있는 계산능력이 요구된다. 고객에 대한 서비스 정신과 적극성, 친절함 등이 요구된다. 관습형과 현실형의 흥미를 가진 사람에게 적합하며, 정직, 남에 대한 배려, 사회성 등의 성격을 가진 사람들에게 유리하다."
복합쇼핑몰ㆍ아울렛,2013,"영업원은 기본적인 영업능력, 말하기, 설득력, 협상능력, 상황대처능력이 필요하며, 영업품목과 관련된 해박한 제품지식이 필요하다. 많은 잠재고객을 상대함에 따라 적극적이고 긍정적인 사고를 갖는 것이 중요하며 고객에게 신뢰감을 줄 수 있는 능력이 요구된다.홍보를 담당한 상품 및 상품의 특징, 장단점 등에 대해 숙지하고 있어야 하며, 고객을 설득하고 고객의 문의사항에 응답할 수 있는 설득력, 협상력, 의사소통능력이 요구된다. 불특정의 잠재고객을 상대로 상품이나 서비스의 홍보 활동을 하므로 적극적이고 능동적인 태도와 고객에 대한 서비스 정신, 인내심이 요구된다. 장시간 동안 서서 일하는 경우가 많으므로 강인한 체력이 필요하다. 진취형과 예술형의 흥미를 가진 사람에게 적합하다.제품이나 서비스의 대한 정확한 가격을 파악하여 고객에게 정확하고 신속하게 금액을 징수하고 거스름돈을 준비할 수 있는 계산능력이 요구된다. 고객에 대한 서비스 정신과 적극성, 친절함 등이 요구된다. 관습형과 현실형의 흥미를 가진 사람에게 적합하며, 정직, 남에 대한 배려, 사회성 등의 성격을 가진 사람들에게 유리하다."
쇼핑몰ㆍ소셜커머스ㆍ홈쇼핑,2016,"정확한 언어구사력과 긴시간동안 사람들의 관심을 집중시킬 수 있는 화술이 필요하다. 다양한 분야에 대한 상식과 시장동향, 개인의 소비심리에 대한 지식을 갖추어야 한다. 순간적인 위기에 대처할 수 있는 능력과 순발력이 요구되고, 정보를 재미있게 전달할 수 있는 재치가 있어야 한다. 예술형과 탐구형의 흥미를 가진 사람에게 적합하며, 적응성, 스트레스 감내, 협조심 등의 성격을 가진 사람들에게 유리하다.전혀 모르는 고객을 대상으로 전화상으로 판매 활동을 수행하기 때문에 고객에게 친밀감과 신뢰감을 줄 수 있는 밝은 성격, 정확한 발음, 표준말, 적당한 말의 속도와 성량 등이 요구된다. 또한, 조리 있는 언변과 함께 상황에 맞게 대처할 수 있는 임기응변과 협상력, 설득력이 요구된다. 고객의 요구와 고객의 어떤 반응에도 견디어낼 수 있는 인내심과 적극적 자세 등이 필요하다. 진취형과 사회형의 흥미를 가진 사람에게 적합하다."
유통점ㆍ마트,2020,"상품중개인은 입찰가격을 신속·정확하게 계산할 수 있는 수리능력과 인내력, 자기 통제력 이 요구되며 사람들과의 원만한 의사소통을 할 수 있는 능력이 필요하다. 경매가 올바르게 이루어지도록 사명감과 책임감을 가지고 업무에 임하여야 하고 도덕적인 윤리의식이 필요하다. 진취형과 사회형의 흥미를 가진 사람에게 적합하며, 리더십, 정직성, 사회성 등의 성격을 가진 사람들에게 유리하다.현 물류체제의 문제점을 파악하여 새로운 물류 전략 및 기획을 수립할 수 있는 정보 수집 및 분석 능력이 요구된다. 물류체계 개선을 위한 다각적 대책 마련을 위한 창의성, 개방적 사고능력과 통찰력 등이 필요하다. 자신의 물류체제 개선 기획안을 실행시킬 수 있는 추진력과 이를 상사나 고객에게 설득시킬 수 있는 논리적인 언어능력과 의사소통능력이 필요하다.제품이나 서비스의 대한 정확한 가격을 파악하여 고객에게 정확하고 신속하게 금액을 징수하고 거스름돈을 준비할 수 있는 계산능력이 요구된다. 고객에 대한 서비스 정신과 적극성, 친절함 등이 요구된다. 관습형과 현실형의 흥미를 가진 사람에게 적합하며, 정직, 남에 대한 배려, 사회성 등의 성격을 가진 사람들에게 유리하다."
편의점,2030,"제품이나 서비스의 대한 정확한 가격을 파악하여 고객에게 정확하고 신속하게 금액을 징수하고 거스름돈을 준비할 수 있는 계산능력이 요구된다. 고객에 대한 서비스 정신과 적극성, 친절함 등이 요구된다. 관습형과 현실형의 흥미를 가진 사람에게 적합하며, 정직, 남에 대한 배려, 사회성 등의 성격을 가진 사람들에게 유리하다.현 물류체제의 문제점을 파악하여 새로운 물류 전략 및 기획을 수립할 수 있는 정보 수집 및 분석 능력이 요구된다. 물류체계 개선을 위한 다각적 대책 마련을 위한 창의성, 개방적 사고능력과 통찰력 등이 필요하다. 자신의 물류체제 개선 기획안을 실행시킬 수 있는 추진력과 이를 상사나 고객에게 설득시킬 수 있는 논리적인 언어능력과 의사소통능력이 필요하다."
의류ㆍ잡화매장,2050,"손재주와 미적 감각, 그리고 재봉틀 등의 기계를 다룰 수 있는 능력이 요구되며, 꼼꼼하고 차분한 성격의 소유자가 적합하다. 고객과의 명확한 의사소통을 통해 의복의 수선부위와 수선방향에 대해 정확하게 파악할 수 있는 능력과 고객에 대한 서비스정신이 요구된다. 현실형과 예술형의 흥미를 가진 사람에게 적합하며, 꼼꼼함, 인내, 책임감 등의 성격을 가진 사람들에게 유리하다.상점판매원은 상품구매를 권유하기 위해 협상, 설득, 말하기 능력이 필요하고 업무상 영업과 마케팅, 상품 제조 및 공정에 대한 지식과 이해가 요구된다. 많은 사람들을 접하기 때문에 활발하고 적극적인 사람에게 유리하며 항상 친절하고 고객에게 신뢰감을 줄 수 있는 능력이 요구된다. 사회형과 예술형의 흥미를 가진 사람에게 적합하며, 적응성, 독립성, 사회성 등의 성격을 가진 사람들에게 유리하다.영업원은 기본적인 영업능력, 말하기, 설득력, 협상능력, 상황대처능력이 필요하며, 영업품목과 관련된 해박한 제품지식이 필요하다. 많은 잠재고객을 상대함에 따라 적극적이고 긍정적인 사고를 갖는 것이 중요하며 고객에게 신뢰감을 줄 수 있는 능력이 요구된다."
뷰티ㆍ헬스스토어,2060,"피부관리사는 고객의 피부타입, 신체구조, 성격 등을 다양한 각도에서 파악할 수 있는 분석적 사고 능력이 요구된다. 고객을 가족같이 생각하는 긍정적인 마음가짐과 인내심이 필요하다. 또 많은 사람을 상대하므로 고객과의 원활한 의사소통과 원만한 대인관계가 요구된다. 예술형과 현실형의 흥미를 가진 사람에게 적합하며, 남에 대한 배려, 자기통제 능력, 인내심, 적응력 등의 성격을 가진 사람들에게 유리하다.개개인에 알맞은 식생활 프로그램의 실시 및 상담 업무를 수행하기 위해 영양 조절 및 운동방법, 행동수정요법, 심리학 등에 대한 지식과 이해가 요구된다. 1:1로 고객을 관리하고 상담하기 때문에, 원만한 대인관계 능력, 의사소통능력, 그리고 고객에 대한 서비스 정신이 요구된다."
휴대폰ㆍ전자기기매장,2070,"매장에서 대여하는 상품의 특성, 종류 등에 대해 잘 알고 있어야 하며, 고객에게 상품을 권하여 대여 거래를 이룰 수 있는 적극적이고 융통성 있는 세일즈 능력이 요구된다. 까다로운 고객의 요구에도 웃으면서 대할 수 있는 서비스 정신, 인내심, 대인관계능력이 요구된다. 관습형과 사회형의 흥미를 가진 사람에게 적합하며, 남에 대한 배려, 신뢰, 정직성 등의 성격을 가진 사람들에게 유리하다.고객의 요구를 정확하게 이해하고 분석하여 고객이 원하는 서비스와 제품을 소개할 수 있는 분석력과 판단력, 고객에 대한 서비스 정신이 요구된다. 판매를 담당하고 있는 자동차와 타 경쟁업체 자동차의 기능, 성능 등에 대한 지식을 가지고 있어야 하며, 고객의 구매를 유도할 수 있는 설득력과 의사소통능력이 요구된다. 새로운 차량의 정보나 정비 관련 정보를 고객에게 제공함으로서 고객과의 거래가 미래에 계속해서 성립될 수 있도록 하는 고객관리능력이 중요하다."
가구ㆍ침구ㆍ생활소품,2080,"창의적인 사고와 미적 감각, 색채 감각, 공간 지각력, 사물에 대한 관찰력이 있어야 한다. 초과근무를 할 때도 많기 때문에 강한 체력이 요구되며, 팀을 조직하고 관리할 수 있는 리더십이 필요하다. 여러 분야의 전문가들과 공동 작업하고 의견조율을 해야 하기 때문에 원활한 인간관계를 유지할 수 있어야 한다. 예술형과 진취형의 흥미를 가진 사람에게 적합하며, 책임감, 꼼꼼함, 신뢰성 등의 성격을 가진 사람들에게 유리하다.매장에서 대여하는 상품의 특성, 종류 등에 대해 잘 알고 있어야 하며, 고객에게 상품을 권하여 대여 거래를 이룰 수 있는 적극적이고 융통성 있는 세일즈 능력이 요구된다. 까다로운 고객의 요구에도 웃으면서 대할 수 있는 서비스 정신, 인내심, 대인관계능력이 요구된다. 관습형과 사회형의 흥미를 가진 사람에게 적합하며, 남에 대한 배려, 신뢰, 정직성 등의 성격을 가진 사람들에게 유리하다."
서점ㆍ문구ㆍ팬시,2090,"출판물 제작에 대한 지식을 가지고 있어야 하며, 출판 영업 및 광고에 대한 실무 지식과 감각 등이 요구된다. 출판 시장의 흐름을 읽고 독자의 요구를 재빠르고 정확하게 파악할 수 있는 순발력과 분석력이 요구된다. 출판물의 기획과 제작 업무가 원활하게 진행될 수 있도록 출판물과 관련된 조직의 내ㆍ외부 사람들을 지휘할 수 있는 리더십과 설득력, 의사소통능력, 추진력이 요구된다. 예술형과 탐구형의 흥미를 가진 사람에게 적합하다.제품이나 서비스의 대한 정확한 가격을 파악하여 고객에게 정확하고 신속하게 금액을 징수하고 거스름돈을 준비할 수 있는 계산능력이 요구된다. 고객에 대한 서비스 정신과 적극성, 친절함 등이 요구된다. 관습형과 현실형의 흥미를 가진 사람에게 적합하며, 정직, 남에 대한 배려, 사회성 등의 성격을 가진 사람들에게 유리하다.사서는 한문, 외국어, 컴퓨터 활용 능력이 필요하며 이용자와의 짧은 상담으로 원하는 자료를 신속하고 정확하게 제공할 수 있는 의사소통 능력이 필요하다. 쾌활하고 밝은 성격을 가진 사람에게 유리하며 서비스정신이 필요하다. 관습형과 사회형의 흥미를 가진 사람에게 적합하며, 남에 대한 배려, 스트레스 인내, 사회성 등의 성격을 가진 사람들에게 유리하다."
약국,2100,"약사 및 한약사는 환자의 증상에 민첩하고 순발력이 있어야하며 업무에 필요한 컴퓨터 기술과 사업적인 관리능력이 필요하다. 의약품은 사람의 건강과 직결된 것이기 때문에 투철한 책임의식이 필요하며 약물 조제방법의 숙지가 필요하다. 관습형과 현실형의 흥미를 가진 사람에게 적합하며, 꼼꼼함, 신뢰성, 남에 대한 배려 등의 성격을 가진 사람들에게 유리하다.보건의료정보관리사는 의료분야의 전산화로 전문적인 전산지식이 필요하며 수많은 통계자료를 보며 업무를 수행하므로 분석적사고 능력이 필요하다. 차분하고 인내심과 꼼꼼한 사람에게 유리하며, 병원관계자나 관련 의료인들과 함께 협력하여 일을 수행하므로 원만한 대인관계가 필요하다. 관습형과 현실형의 흥미를 가진 사람에게 적합하며, 꼼꼼함, 분석적 사고, 정직성 등의 성격을 가진 사람들에게 유리하다."
농수산ㆍ청과ㆍ축산,2110,"경매와 상품 중개에 대한 지식을 가지고 있어야 하며, 경매는 주로 밤에 이루어지기 때문에 강인한 체력이 요구된다. 입찰 가격을 신속하고 정확하게 계산할 수 있는 수리능력과 의사소통능력이 요구된다. 진취형과 사회형의 흥미를 가진 사람에게 적합하다.과일이나 차 등의 과수작물재배에 대한 흥미와 관심을 가지고 있어야 하며, 재배 방법에 대한 지식과 기술이 요구된다. 과수작물재배 등의 농업일은 육체적인 노동이므로 신체적으로 건강해야 하며, 인내심과 끈기가 요구된다. 진취형과 현실형의 흥미를 가진 사람에게 적합하며, 인내, 성취, 꼼꼼함 등의 성격을 가진 사람들에게 유리하다."
화훼ㆍ꽃집,2120,"미적 감각과 색채 감각이 있어야 하며, 새로운 아이디어로 작품을 제작할 수 있는 창의력이 요구된다. 꼼꼼하게 만드는 것을 좋아하는 사람에게 적합하며 정교한 손동작과 건강한 체력이 필요하다. 예술형과 탐구형의 흥미를 가진 사람에게 적합하며, 혁신, 성취욕, 끊임없이 노력하는 성격을 가진 사람들에게 유리하다.원예작물 및 원예재배 등에 대한 흥미와 전문적 지식, 기술 등이 요구된다. 반복적인 시도와 실험을 통해 원하는 원예작물을 재배해낼 수 있는 끈기와 인내심이 필요하다.장미, 난, 선인장 등 화훼 재배에 대한 흥미와 관심을 가지고 있어야 하며, 재배 방법에 대한 지식과 기술이 요구된다. 화훼재배 등의 농업일은 육체적인 노동이므로 신체적으로 건강해야 하며, 인내심과 끈기가 필요하다. 탐구형과 예술형의 흥미를 가진 사람에게 적합하며, 인내심, 꼼꼼함, 성취 등의 성격을 가진 사람들에게 유리하다."
유통ㆍ판매?기타,2990,"상점판매원은 상품구매를 권유하기 위해 협상, 설득, 말하기 능력이 필요하고 업무상 영업과 마케팅, 상품 제조 및 공정에 대한 지식과 이해가 요구된다. 많은 사람들을 접하기 때문에 활발하고 적극적인 사람에게 유리하며 항상 친절하고 고객에게 신뢰감을 줄 수 있는 능력이 요구된다. 사회형과 예술형의 흥미를 가진 사람에게 적합하며, 적응성, 독립성, 사회성 등의 성격을 가진 사람들에게 유리하다.현 물류체제의 문제점을 파악하여 새로운 물류 전략 및 기획을 수립할 수 있는 정보 수집 및 분석 능력이 요구된다. 물류체계 개선을 위한 다각적 대책 마련을 위한 창의성, 개방적 사고능력과 통찰력 등이 필요하다. 자신의 물류체제 개선 기획안을 실행시킬 수 있는 추진력과 이를 상사나 고객에게 설득시킬 수 있는 논리적인 언어능력과 의사소통능력이 필요하다.영업원은 기본적인 영업능력, 말하기, 설득력, 협상능력, 상황대처능력이 필요하며, 영업품목과 관련된 해박한 제품지식이 필요하다. 많은 잠재고객을 상대함에 따라 적극적이고 긍정적인 사고를 갖는 것이 중요하며 고객에게 신뢰감을 줄 수 있는 능력이 요구된다.제품이나 서비스의 대한 정확한 가격을 파악하여 고객에게 정확하고 신속하게 금액을 징수하고 거스름돈을 준비할 수 있는 계산능력이 요구된다. 고객에 대한 서비스 정신과 적극성, 친절함 등이 요구된다. 관습형과 현실형의 흥미를 가진 사람에게 적합하며, 정직, 남에 대한 배려, 사회성 등의 성격을 가진 사람들에게 유리하다."
놀이공원ㆍ테마파크,3010,"긍정적이며 적극적이고 명랑한 성격의 소유자에게 적합한 직업이며, 서서 작업을 하거나 야외에서 업무를 수행하는 경우가 많으므로 강인한 체력이 요구된다. 많은 사람들의 주의를 집중시키고 원활하게 오락 프로그램을 진행할 수 있는 순발력과 재치, 침착함 등이 요구된다. 예술형과 진취형의 흥미를 가진 사람에게 적합하며, 리더십, 적응성, 사회성 등의 성격을 가진 사람들에게 유리하다.정확하게 고객의 주문을 받고 주방에 고객의 식사 주문 정보를 정확하게 전달할 수 있는 능력과 고객의 불편 사항들을 유연하게 조정할 수 있는 고객 서비스 정신이 요구된다. 다양한 사람들을 만나고 응대해야하므로 적극적이고 활동적인 사람에게 적합하다. 장시간 동안 서있거나 무거운 접시들을 나르고 정리해야 하므로 강인한 체력이 요구된다. 사회형과 관습형의 흥미를 가진 사람에게 적합하며, 남에 대한 배려, 적응력, 융통성, 사회성 등이 요구된다."
호텔ㆍ리조트ㆍ숙박,3030,"호텔지배인이 되기 위해서는 영어, 중국어, 일어 등 외국어 실력이 필수이다. 호텔 경영 및 관리 전반에 대한 지식과 실무 경험이 요구되며, 각 부서 종업원을 통솔하여 지휘감독할 수 있는 리더십이 필요하다. 고객들의 다양한 요구사항을 조율하고 처리할 수 있는 봉사 및 서비스 정신, 대인관계능력이 요구된다. 관습형과 사회형의 흥미를 가진 사람에게 적합하며, 협조심, 적응성 및 융통성, 남에 대한 배려 등을 가진 사람들에게 유리하다.청소원이 담당하는 업무의 근무 조건과 작업 환경이 열악하고 힘들기 때문에 성실함과 건강함이 요구된다. 사회형과 예술형의 흥미를 가진 사람에게 적합하며, 협조심, 남에 대한 배려, 스트레스를 감내할 수 있는 성격을 가진 사람들에게 유리하다."
여행ㆍ캠프ㆍ레포츠,3040,"여행상품개발원은 새로운 아이디어 산출 능력과 기획력이 요구된다. 여행업계의 동향과 고객의 요구를 정확히 판단하여 적절한 상품을 개발할 수 있는 통찰력과 분석력을 갖추어야 한다. 여행을 좋아하며 외향적이고 적극적인 성격을 지닌 사람에게 유리하며, 친화력과 인간 관리 능력, 서비스정신이 있어야 한다. 예술형과 탐구형의 흥미를 가진 사람에게 적합하며, 사회성, 신뢰성, 스트레스를 감내할 수 있는 성격을 가진 사람들에게 유리하다.여행을 좋아해야 하며, 관광객들과 대부분의 시간을 보내기 때문에 적극적이고 쾌활하며 활동적인 성격의 소유자가 적합하다. 고객과 원활한 의사소통을 할 수 있는 능력이 요구되며, 관광객들을 인솔할 수 있는 리더십과 예상치 못한 상황에 신속하고 정확하게 대처할 수 있는 대처능력이 필요하다. 여행지의 역사 및 특색 등에 대한 지식을 가지고 있어야 하며, 국외여행인솔자나 관광통역안내원은 영어나 현지언어로 능숙하게 의사소통할 수 있는 능력을 가져야 한다."
영화ㆍ공연,3043,"주인공이 걷는 소리, 때리는 소리, 움직일 때의 옷깃소리 등 있을 법하지만 실제로는 마이크에 잘 잡히지 않는 소리들에 세심한 주의를 기울일 수 있는 청각 등 음향과 소리에 대한 감각이 요구된다. 음향 장비들을 설치하고 조작, 통제할 수 있는 능력과 이러한 장비를 잘 보관하고 유지할 수 있는 능력 또한 요구된다. 끊임없이 발전하는 기술변화에 민감하게 대처하여, 새로운 기술을 배우고 습득하려는 자세가 요구된다.무대 및 제작환경 변화에 따 른순발력과 판단력이 필요하며, 예술적인 감각과 창의성이 요구된다. 연출자를 비롯해 여러 스텝들과의 호흡이 중요하기 때문에 원활한 인간관계를 형성할 줄 알아야 하며 무거운 방송장비를 취급해야 하므로 체력적으로도 튼튼해야 한다. 예술형과 탐구형의 흥미를 가진 사람에게 적합하며, 적응력, 협조심, 리더십, 사회성 등의 성격을 가진 사람들에게 유리하다.미적 감각, 인테리어 감각, 공간 지각력 등이 필요하며 무대 종사자들을 총괄하여 지휘할 수 있는 통솔력과 리더십이 요구된다. 돌발적으로 발생할 수 있는 무대 위의 안전 문제에 대해 빠르고 신속하게 대응할 수 있는 대처능력과 정확한 판단력이 요구된다. 감독, 스태프, 출연자 등 많은 사람들을 대하기 때문에 원만한 대인관계능력과 의사소통능력이 요구된다.연극은 종합 예술이기 때문에 음악, 무용, 문학 등 다방면에 대한 관심과 재능을 가지고 있어야 한다. 창의력과 독창적인 아이디어가 필요하며, 많은 스텝들을 지휘하고 통솔할 수 있는 리더십과 통솔력이 요구된다. 새로운 작품을 기획하여 실행시키기 위한 추진력과 실험정신, 모험심이 요구되며, 연극 무대, 배우의 연기, 조명 등을 종합적으로 관찰하고 평가할 수 있는 종합적 사고능력과 판단력이 필요하다. 예술형과 탐구형의 흥미를 가진 사람에게 유리하다.연기자는 배역에 대한 분석력, 창의력, 연기력이 필요하며, 다양한 배역을 소화해 내기위해 음악, 무용, 미술은 물론 풍부한 예술적 지식이 필요하다. 다른 연기자와의 원활한 대인관계가 필요하며, 자신의 연기를 지속적으로 모니터링 하므로써 다양한 배역을 소화할 수 있는 능력이 필요하다.방송연출가(프로듀서)는 창의력과 독창적인 아이디어가 있어야 하며 많은 사람들을 지휘할 수 있는 통솔력과 위기 대처 능력이 있어야 한다. 다양한 정보에 대해 폭넓게 수용하는 태도가 필요하며 신체적인 건강과 원만한 대인관계가 요구된다. 진취형과 예술형의 흥미를 가진 사람에게 적합하며, 리더십, 적응성, 책임감 등의 성격을 가진 사람들에게 유리하다.영화기획자는 영화를 좋아해야 하고 영화계의 구조, 좋은 영화를 선택하는 안목, 영화 연출 등 영화 전반에 대한 지식을 가지고 있어야 한다. 새로운 작품을 기획하여 실행시키기 위한 추진력과 실험정신, 모험심이 요구되며, 기획한 영화를 흥행에 성공시킬 수 있도록 다양한 마케팅과 홍보 전략을 수립하고 실행할 수 있는 능력 역시 필요하다. 영화 작품의 평가와 흥행여부, 사회에 미치는 영향 등을 관찰하고 분석할 수 있는 종합적 사고능력과 판단력이 필요하다.촬영기사는 영상에 대한 감각이 요구되며, 장비를 조작하고 활용할 수 있는 숙련 기술과 새로운 장비나 기술에 대한 지식이 있어야 한다. 여러 스텝들과의 호흡이 중요하기 때문에 원활한 인간관계를 형성할 수 있어야 하며, 무거운 방송장비를 취급해야 하므로 체력적으로도 튼튼해야 한다. 예술형과 사회형의 흥미를 가진 사람에게 적합하며, 혁신, 사회성, 리더십, 적응력 등의 성격을 가진 사람들에게 유리하다."
전시ㆍ컨벤션ㆍ세미나,3046,"주인공이 걷는 소리, 때리는 소리, 움직일 때의 옷깃소리 등 있을 법하지만 실제로는 마이크에 잘 잡히지 않는 소리들에 세심한 주의를 기울일 수 있는 청각 등 음향과 소리에 대한 감각이 요구된다. 음향 장비들을 설치하고 조작, 통제할 수 있는 능력과 이러한 장비를 잘 보관하고 유지할 수 있는 능력 또한 요구된다. 끊임없이 발전하는 기술변화에 민감하게 대처하여, 새로운 기술을 배우고 습득하려는 자세가 요구된다.홍보를 담당한 상품 및 상품의 특징, 장단점 등에 대해 숙지하고 있어야 하며, 고객을 설득하고 고객의 문의사항에 응답할 수 있는 설득력, 협상력, 의사소통능력이 요구된다. 불특정의 잠재고객을 상대로 상품이나 서비스의 홍보 활동을 하므로 적극적이고 능동적인 태도와 고객에 대한 서비스 정신, 인내심이 요구된다. 장시간 동안 서서 일하는 경우가 많으므로 강인한 체력이 필요하다. 진취형과 예술형의 흥미를 가진 사람에게 적합하다."
스터디룸ㆍ독서실ㆍ고시원,3050,"사무실무, 워드 문서작업능력 등이 요구된다. 원만한 대인관계능력과 친절한 태도가 요구된다."
PC방,3060,"정확하게 고객의 주문을 받고 주방에 고객의 식사 주문 정보를 정확하게 전달할 수 있는 능력과 고객의 불편 사항들을 유연하게 조정할 수 있는 고객 서비스 정신이 요구된다. 다양한 사람들을 만나고 응대해야하므로 적극적이고 활동적인 사람에게 적합하다. 장시간 동안 서있거나 무거운 접시들을 나르고 정리해야 하므로 강인한 체력이 요구된다. 사회형과 관습형의 흥미를 가진 사람에게 적합하며, 남에 대한 배려, 적응력, 융통성, 사회성 등이 요구된다.무엇보다 설거지, 청소, 음식재료 다듬기 등의 힘든 일을 잘 견디어낼 수 있는 인내심과 끈기, 강인한 체력이 요구된다. 평소 음식 만들기를 좋아하고 미각이 발달한 사람에게 적합하다. 현실형과 예술형의 흥미를 가진 사람에게 적합하며, 정직, 남에 대한 배려, 신뢰성, 적응력 등의 성격을 가진 사람들에게 유리하다.통신장비의 설치 및 수리에 필요한 장비를 조작하고 통제할 수 있는 능력이 요구되며, 새로운 장비에 대한 계속적인 기술습득 노력이 필요하다. 통신장비 및 관련 분야에 대한 지식과 기술을 가지고 있어야 한다. 대부분 야외 공사현장과 높은 곳에 올라가 작업을 수행하는 경우가 많으므로 체력적으로 건강해야 하고, 고소공포증이 없어야 한다. 탐구형과 현실형의 흥미를 가진 사람에게 적합하며, 협조, 혁신, 리더십 등의 성격을 가진 사람들에 유리하다."
노래방,3070,"정확하게 고객의 주문을 받고 주방에 고객의 식사 주문 정보를 정확하게 전달할 수 있는 능력과 고객의 불편 사항들을 유연하게 조정할 수 있는 고객 서비스 정신이 요구된다. 다양한 사람들을 만나고 응대해야하므로 적극적이고 활동적인 사람에게 적합하다. 장시간 동안 서있거나 무거운 접시들을 나르고 정리해야 하므로 강인한 체력이 요구된다. 사회형과 관습형의 흥미를 가진 사람에게 적합하며, 남에 대한 배려, 적응력, 융통성, 사회성 등이 요구된다.청소원이 담당하는 업무의 근무 조건과 작업 환경이 열악하고 힘들기 때문에 성실함과 건강함이 요구된다. 사회형과 예술형의 흥미를 가진 사람에게 적합하며, 협조심, 남에 대한 배려, 스트레스를 감내할 수 있는 성격을 가진 사람들에게 유리하다."
볼링ㆍ당구장,3080,"정확하게 고객의 주문을 받고 주방에 고객의 식사 주문 정보를 정확하게 전달할 수 있는 능력과 고객의 불편 사항들을 유연하게 조정할 수 있는 고객 서비스 정신이 요구된다. 다양한 사람들을 만나고 응대해야하므로 적극적이고 활동적인 사람에게 적합하다. 장시간 동안 서있거나 무거운 접시들을 나르고 정리해야 하므로 강인한 체력이 요구된다. 사회형과 관습형의 흥미를 가진 사람에게 적합하며, 남에 대한 배려, 적응력, 융통성, 사회성 등이 요구된다.청소원이 담당하는 업무의 근무 조건과 작업 환경이 열악하고 힘들기 때문에 성실함과 건강함이 요구된다. 사회형과 예술형의 흥미를 가진 사람에게 적합하며, 협조심, 남에 대한 배려, 스트레스를 감내할 수 있는 성격을 가진 사람들에게 유리하다."
스크린?골프ㆍ야구,3090,"정확하게 고객의 주문을 받고 주방에 고객의 식사 주문 정보를 정확하게 전달할 수 있는 능력과 고객의 불편 사항들을 유연하게 조정할 수 있는 고객 서비스 정신이 요구된다. 다양한 사람들을 만나고 응대해야하므로 적극적이고 활동적인 사람에게 적합하다. 장시간 동안 서있거나 무거운 접시들을 나르고 정리해야 하므로 강인한 체력이 요구된다. 사회형과 관습형의 흥미를 가진 사람에게 적합하며, 남에 대한 배려, 적응력, 융통성, 사회성 등이 요구된다.청소원이 담당하는 업무의 근무 조건과 작업 환경이 열악하고 힘들기 때문에 성실함과 건강함이 요구된다. 사회형과 예술형의 흥미를 가진 사람에게 적합하며, 협조심, 남에 대한 배려, 스트레스를 감내할 수 있는 성격을 가진 사람들에게 유리하다."
DVDㆍ멀티방ㆍ만화카페,3110,"사서는 한문, 외국어, 컴퓨터 활용 능력이 필요하며 이용자와의 짧은 상담으로 원하는 자료를 신속하고 정확하게 제공할 수 있는 의사소통 능력이 필요하다. 쾌활하고 밝은 성격을 가진 사람에게 유리하며 서비스정신이 필요하다. 관습형과 사회형의 흥미를 가진 사람에게 적합하며, 남에 대한 배려, 스트레스 인내, 사회성 등의 성격을 가진 사람들에게 유리하다.청소원이 담당하는 업무의 근무 조건과 작업 환경이 열악하고 힘들기 때문에 성실함과 건강함이 요구된다. 사회형과 예술형의 흥미를 가진 사람에게 적합하며, 협조심, 남에 대한 배려, 스트레스를 감내할 수 있는 성격을 가진 사람들에게 유리하다."
오락실ㆍ게임장,3120,"정확하게 고객의 주문을 받고 주방에 고객의 식사 주문 정보를 정확하게 전달할 수 있는 능력과 고객의 불편 사항들을 유연하게 조정할 수 있는 고객 서비스 정신이 요구된다. 다양한 사람들을 만나고 응대해야하므로 적극적이고 활동적인 사람에게 적합하다. 장시간 동안 서있거나 무거운 접시들을 나르고 정리해야 하므로 강인한 체력이 요구된다. 사회형과 관습형의 흥미를 가진 사람에게 적합하며, 남에 대한 배려, 적응력, 융통성, 사회성 등이 요구된다.통신장비의 설치 및 수리에 필요한 장비를 조작하고 통제할 수 있는 능력이 요구되며, 새로운 장비에 대한 계속적인 기술습득 노력이 필요하다. 통신장비 및 관련 분야에 대한 지식과 기술을 가지고 있어야 한다. 대부분 야외 공사현장과 높은 곳에 올라가 작업을 수행하는 경우가 많으므로 체력적으로 건강해야 하고, 고소공포증이 없어야 한다. 탐구형과 현실형의 흥미를 가진 사람에게 적합하며, 협조, 혁신, 리더십 등의 성격을 가진 사람들에 유리하다."
이색테마카페,3123,"정확하게 고객의 주문을 받고 주방에 고객의 식사 주문 정보를 정확하게 전달할 수 있는 능력과 고객의 불편 사항들을 유연하게 조정할 수 있는 고객 서비스 정신이 요구된다. 다양한 사람들을 만나고 응대해야하므로 적극적이고 활동적인 사람에게 적합하다. 장시간 동안 서있거나 무거운 접시들을 나르고 정리해야 하므로 강인한 체력이 요구된다. 사회형과 관습형의 흥미를 가진 사람에게 적합하며, 남에 대한 배려, 적응력, 융통성, 사회성 등이 요구된다.청소원이 담당하는 업무의 근무 조건과 작업 환경이 열악하고 힘들기 때문에 성실함과 건강함이 요구된다. 사회형과 예술형의 흥미를 가진 사람에게 적합하며, 협조심, 남에 대한 배려, 스트레스를 감내할 수 있는 성격을 가진 사람들에게 유리하다."
키즈카페,3126,"일반아동 및 특수아동의 신체발달, 심리와 생동, 부모교육 등에 대한 지식과 더불어 돌발 상황에 대한 신속한 판단 능력과 대처 능력이 필요하다. 정확한 언어 구사 능력과 바른 행동을 갖추어야 한다. 교육자로서 사명감과 아이들을 아끼고 사랑하는 마음은 물론, 책임감과 성실, 끈기 등을 갖추어야 한다. 사회형과 관습형의 흥미를 가진 사람에게 적합하며, 자기통제, 정직성, 사회성, 남에 대한 배려 등의 성격을 가진 사람들에게 유리하다.관찰력, 통솔력, 돌발 상황에 대처할 수 있는 능력 등이 요구되며, 올바른 교육을 위해 정확한 어휘구사능력을 갖춰야 한다. 아이들의 개인별 특성을 알아야 하기 때문에 섬세한 사람에게 유리하며, 인내력과 포용력이 있어야 한다. 사회형과 예술형의 흥미를 가진 사람에게 적합하며, 남에 대한 배려, 책임감, 자기통제 능력 등을 가진 사람들에게 유리하다."
찜질방ㆍ사우나ㆍ스파,3130,"정확하게 고객의 주문을 받고 주방에 고객의 식사 주문 정보를 정확하게 전달할 수 있는 능력과 고객의 불편 사항들을 유연하게 조정할 수 있는 고객 서비스 정신이 요구된다. 다양한 사람들을 만나고 응대해야하므로 적극적이고 활동적인 사람에게 적합하다. 장시간 동안 서있거나 무거운 접시들을 나르고 정리해야 하므로 강인한 체력이 요구된다. 사회형과 관습형의 흥미를 가진 사람에게 적합하며, 남에 대한 배려, 적응력, 융통성, 사회성 등이 요구된다."
피트니스ㆍ스포츠,3140,"긍정적이며 적극적이고 명랑한 성격의 소유자에게 적합한 직업이며, 예기치 못한 안전사고가 발생했을 때 신속하고 정확하게 응급처치를 할 수 있는 능력이 요구된다. 각종 운동기구 및 안전관리에 대한 지식을 가지고 있어야 하며, 타인의 운동을 지도하는 입장이므로 리더십이 요구된다. 예술형과 현실형의 흥미를 가진 사람에게 적합하며, 자기통제 능력, 배려, 사회성 등의 성격을 가진 사람들에게 유리하다.트레이닝을 담당하고 있는 관련 종목에 대한 지식과 다양한 기술을 알고 있어야 하며, 선수를 이끌 수 있는 지도력과 통솔력, 의사소통능력이 요구된다. 선수들의 체력과 체중을 효과적으로 관리할 수 있는 다양한 운동 방법 및 스포츠와 관련된 의학 지식이 요구된다. 선수의 기량과 능력에 따라 운동량과 식이요법을 지시할 수 있는 분석력과 판단력이 요구된다. 사회형과 현실형의 흥미를 가진 사람에게 적합하다."
공인중개,3160,"부동산중개인은 법률적 지식과 매도자와 매수자간의 원활한 계약 성립을 위해 대인관계기술능력, 협상능력, 정보수집능력이 필요하다. 고객과의 거래 관계에서 신뢰감을 줄 수 있는 태도와 단정한 용모가 필요하며, 원활한 대인 관계가 요구된다. 진취형과 사회형의 흥미를 가진 사람에게 적합하며, 신뢰성, 꼼꼼함, 인내 등의 성격을 가진 사람들에게 유리하다."
골프캐디,3170,"골프 및 골프경기 진행에 대한 지식을 가지고 있어야 하며, 고객과 골프 선수들에 대한 서비스 정신이 요구된다. 장시간을 야외에서 활동하고 무거운 짐을 들고 다니는 경우가 많으므로 강인한 체력이 요구된다. 사회형과 현실형의 흥미를 가진 사람에게 적합하며, 사회성, 인내심, 남에 대한 배려 등의 성격을 가진 사람들에게 유리하다."
고속도로휴게소,3180,"무엇보다 설거지, 청소, 음식재료 다듬기 등의 힘든 일을 잘 견디어낼 수 있는 인내심과 끈기, 강인한 체력이 요구된다. 평소 음식 만들기를 좋아하고 미각이 발달한 사람에게 적합하다. 현실형과 예술형의 흥미를 가진 사람에게 적합하며, 정직, 남에 대한 배려, 신뢰성, 적응력 등의 성격을 가진 사람들에게 유리하다.조리사 및 주방장은 예민한 미각이 필요하며 새로운 음식 메뉴를 개발하기 위해 진취적이고 창의적인 사람에게 적합하다. 오랜 시간 서서 일해야 하기 때문에 이를 견딜 수 있는 인내심과 끈기, 체력이 요구된다. 주방에서 여럿이 같이 조리하는 경우가 많아 협동심이 필요하고, 또 고객에 대한 서비스 정신이 필요하다. 예술형과 탐구형의 흥미를 가진 사람에게 적합하다."
문화ㆍ여가ㆍ생활?기타,3990,"정확하게 고객의 주문을 받고 주방에 고객의 식사 주문 정보를 정확하게 전달할 수 있는 능력과 고객의 불편 사항들을 유연하게 조정할 수 있는 고객 서비스 정신이 요구된다. 다양한 사람들을 만나고 응대해야하므로 적극적이고 활동적인 사람에게 적합하다. 장시간 동안 서있거나 무거운 접시들을 나르고 정리해야 하므로 강인한 체력이 요구된다. 사회형과 관습형의 흥미를 가진 사람에게 적합하며, 남에 대한 배려, 적응력, 융통성, 사회성 등이 요구된다.무엇보다 설거지, 청소, 음식재료 다듬기 등의 힘든 일을 잘 견디어낼 수 있는 인내심과 끈기, 강인한 체력이 요구된다. 평소 음식 만들기를 좋아하고 미각이 발달한 사람에게 적합하다. 현실형과 예술형의 흥미를 가진 사람에게 적합하며, 정직, 남에 대한 배려, 신뢰성, 적응력 등의 성격을 가진 사람들에게 유리하다.통신장비의 설치 및 수리에 필요한 장비를 조작하고 통제할 수 있는 능력이 요구되며, 새로운 장비에 대한 계속적인 기술습득 노력이 필요하다. 통신장비 및 관련 분야에 대한 지식과 기술을 가지고 있어야 한다. 대부분 야외 공사현장과 높은 곳에 올라가 작업을 수행하는 경우가 많으므로 체력적으로 건강해야 하고, 고소공포증이 없어야 한다. 탐구형과 현실형의 흥미를 가진 사람에게 적합하며, 협조, 혁신, 리더십 등의 성격을 가진 사람들에 유리하다."
매장관리ㆍ판매,4010,"바이어는 구매하고자 하는 상품에 대한 정보와 분석적인 사고 능력이 필요하며 구매가격을 신속정확하게 계산할 수 있는 수리능력이 필요하다. 구매가 올바르게 이루어지도록 사명감과 책임감을 가지고 업무에 임해야 하며 도덕적인 윤리의식이 필요하다. 진취형과 탐구형의 흥미를 가진 사람에게 적합하며, 사회성, 협조심, 신뢰성 등의 성격을 가진 사람들에게 유리하다.상점판매원은 상품구매를 권유하기 위해 협상, 설득, 말하기 능력이 필요하고 업무상 영업과 마케팅, 상품 제조 및 공정에 대한 지식과 이해가 요구된다. 많은 사람들을 접하기 때문에 활발하고 적극적인 사람에게 유리하며 항상 친절하고 고객에게 신뢰감을 줄 수 있는 능력이 요구된다. 사회형과 예술형의 흥미를 가진 사람에게 적합하며, 적응성, 독립성, 사회성 등의 성격을 가진 사람들에게 유리하다."
MD,4015,"책임감과 조심성이 있는 사람에게 적합하며, 혁신, 적응성 및 융통성, 분석적 사고 등의 성격을 가진 사람들에게 유리하다. 소비자가 상품을 사게끔 만드는 혁신적이고 창의적인 생각을 할 수 있는 사람에게 유리하다. 풍부한 마케팅 전공 지식과 실무 경험이 필요하다. 상품에 대한 시장분석자료를 분석하고 이를 바탕으로 시장의 미래 수요 및 소비자의 행동을 예측할 수 있는 통찰력과 판단력이 요구된다. 시장분석자료를 가지고 마케팅 전략 보고서나 기획안을 작성하고, 이를 상사나 의뢰자에게 설득시킬 수 있는 논리적인 설득력, 언어능력이 요구된다. 여러 명이 팀을 꾸려 업무를 진행하는 경우가 많기 때문에 타인을 배려할 수 있는 성품과 원만한 대인관계를 유지할 수 있는 능력을 갖추어야 한다."
캐셔ㆍ카운터,4020,"제품이나 서비스의 대한 정확한 가격을 파악하여 고객에게 정확하고 신속하게 금액을 징수하고 거스름돈을 준비할 수 있는 계산능력이 요구된다. 고객에 대한 서비스 정신과 적극성, 친절함 등이 요구된다. 관습형과 현실형의 흥미를 가진 사람에게 적합하며, 정직, 남에 대한 배려, 사회성 등의 성격을 가진 사람들에게 유리하다."
서빙,4030,"정확하게 고객의 주문을 받고 주방에 고객의 식사 주문 정보를 정확하게 전달할 수 있는 능력과 고객의 불편 사항들을 유연하게 조정할 수 있는 고객 서비스 정신이 요구된다. 다양한 사람들을 만나고 응대해야하므로 적극적이고 활동적인 사람에게 적합하다. 장시간 동안 서있거나 무거운 접시들을 나르고 정리해야 하므로 강인한 체력이 요구된다. 사회형과 관습형의 흥미를 가진 사람에게 적합하며, 남에 대한 배려, 적응력, 융통성, 사회성 등이 요구된다."
주방장ㆍ조리사,4040,"조리사 및 주방장은 예민한 미각이 필요하며 새로운 음식 메뉴를 개발하기 위해 진취적이고 창의적인 사람에게 적합하다. 오랜 시간 서서 일해야 하기 때문에 이를 견딜 수 있는 인내심과 끈기, 체력이 요구된다. 주방에서 여럿이 같이 조리하는 경우가 많아 협동심이 필요하고, 또 고객에 대한 서비스 정신이 필요하다. 예술형과 탐구형의 흥미를 가진 사람에게 적합하다."
주방보조ㆍ설거지,4050,"무엇보다 설거지, 청소, 음식재료 다듬기 등의 힘든 일을 잘 견디어낼 수 있는 인내심과 끈기, 강인한 체력이 요구된다. 평소 음식 만들기를 좋아하고 미각이 발달한 사람에게 적합하다. 현실형과 예술형의 흥미를 가진 사람에게 적합하며, 정직, 남에 대한 배려, 신뢰성, 적응력 등의 성격을 가진 사람들에게 유리하다."
바리스타,4060,"각종 커피의 종류와 맛 그리고 향에 대해 알고 있어야 하며, 커피기계를 활용하여 커피를 만들어낼 수 있는 능력이 요구된다. 고객의 기호를 파악하여 맛을 창조할 수 있는 능력이 필요하다. 새로운 커피 음료를 개발하기 위해 끊임없이 탐구하는 자세가 필요하며, 고객이 편안하게 커피를 즐길 수 있도록 하는 고객 서비스 정신이 요구된다.바텐더는 미각이 뛰어나야 하며 항상 새로운 것을 만들어내려고 하는 실험정신이 필요하며 춤, 노래, 손재주 등 엔터테이너적인 자질과 능력이 요구된다. 낮과 밤이 바뀐 생활을 하므로 체력적으로 건강해야 하고 고객과의 지속적인 대화를 이끌어 낼 수 있는 친절함과 서비스 정신이 요구된다. 예술형과 현실형의 흥미를 가진 사람에게 적합하며, 사회성, 남에 대한 배려, 자기통제 능력, 적응력 등의 성격을 가진 사람들에게 유리하다.각종 와인의 종류와 맛, 음식과의 궁합에 대해 알고 있어야 하며, 이를 위해 포도의 품종, 숙성방법, 원산지, 수확연도 등 와인의 특징과 보관방법에 대한 풍부한 지식이 요구된다. 와인을 서비스하는데 필요한 기본적인 기물이나 장비들을 자유롭게 사용할 수 있어야 하며, 고객이 편안하게 와인을 즐길 수 있도록 하는 고객 서비스 정신이 요구된다. 와인을 좋아해야하며, 계속해서 변화하는 와인의 세계적 흐름을 파악하고 이에 대해 공부하는 자세가 필요하다."
안내데스크,4070,"정확하게 고객의 주문을 받고 주방에 고객의 식사 주문 정보를 정확하게 전달할 수 있는 능력과 고객의 불편 사항들을 유연하게 조정할 수 있는 고객 서비스 정신이 요구된다. 다양한 사람들을 만나고 응대해야하므로 적극적이고 활동적인 사람에게 적합하다. 장시간 동안 서있거나 무거운 접시들을 나르고 정리해야 하므로 강인한 체력이 요구된다. 사회형과 관습형의 흥미를 가진 사람에게 적합하며, 남에 대한 배려, 적응력, 융통성, 사회성 등이 요구된다.사무실무, 워드 문서작업능력 등이 요구된다. 원만한 대인관계능력과 친절한 태도가 요구된다."
주차관리ㆍ주차도우미,4090,"육체적으로 큰 힘을 요구하지는 않지만, 신체적으로 건강한 것이 좋다. 고객에 대한 서비스 정신과 주차시간에 따라 주차료를 정확하게 징수할 수 있는 성실함과 도덕성 등이 요구된다. 사회형과 관습형의 흥미를 가진 사람에게 적합하며, 인내심, 정직, 남에 대한 배려 등의 성격을 가진 사람들에게 유리하다."
보안ㆍ경비ㆍ경호,4095,"건강하고 강인한 체력을 가지고 있어야 하며, 개인의 생명과 재산을 보호하는 중요한 임무를 수행하므로 이에 대한 철저한 책임의식이 요구된다. 위급 상황 시 신속하게 대처할 수 있는 신속함과 정확한 판단력, 위기대처능력이 요구된다. 진취형과 사회형의 흥미를 가진 사람에게 적합하며, 정직, 신뢰성, 자기통제 능력, 사회성 등의 성격을 가진 사람들에게 유리하다.건강하고 강인한 체력을 가지고 있어야 하며, 개인의 생명과 재산을 보호하는 중요한 임무를 수행하므로 이에 대한 철저한 책임의식이 요구된다. 위급 상황 시 신속하게 대처할 수 있는 신속함과 정확한 판단력, 위기대처능력이 요구된다. 관습형과 현실형의 흥미를 가진 사람에게 적합하며, 정직, 자기통제 능력, 남에 대한 배려, 스트레스를 감내할 수 있는 성격을 가진 사람들에게 유리하다.경호원은 기본적인 체력과 운동신경이 있어야 하며, 정확한 상황 판단력과 순발력, 공간지각력 등이 필요하다. 어떤 상황에서라도 의연하게 대처할 수 있는 자기 통제력과 책임감, 사명의식, 민첩성 등이 필요하다. 나보다 남을 먼저 배려하는 희생정신과 협동심을 갖추고 있어야 한다. 진취형과 현실형의 흥미를 가진 사람에게 적합하며, 자기통제 능력, 인내심, 성취욕 등의 성격을 가진 사람들에게 유리하다."
주유ㆍ세차,4100,"판매하는 주유와 LPG 가스의 종류에 대해 알고 있어야 하며, 주유기를 조작할 수 있는 능력이 요구된다. 고객에 대한 서비스 정신과 적극성, 친절함 등이 요구된다. 현실형과 관습형의 흥미를 가진 사람에게 적합하며, 남에 대한 배려, 정직성, 적응성 등의 성격을 가진 사람들에게 유리하다."
전단지배포,4120,"홍보를 담당한 상품 및 상품의 특징, 장단점 등에 대해 숙지하고 있어야 하며, 고객을 설득하고 고객의 문의사항에 응답할 수 있는 설득력, 협상력, 의사소통능력이 요구된다. 불특정의 잠재고객을 상대로 상품이나 서비스의 홍보 활동을 하므로 적극적이고 능동적인 태도와 고객에 대한 서비스 정신, 인내심이 요구된다. 장시간 동안 서서 일하는 경우가 많으므로 강인한 체력이 필요하다. 진취형과 예술형의 흥미를 가진 사람에게 적합하다.영업원은 기본적인 영업능력, 말하기, 설득력, 협상능력, 상황대처능력이 필요하며, 영업품목과 관련된 해박한 제품지식이 필요하다. 많은 잠재고객을 상대함에 따라 적극적이고 긍정적인 사고를 갖는 것이 중요하며 고객에게 신뢰감을 줄 수 있는 능력이 요구된다."
청소ㆍ미화,4130,"섬유 소재에 관한 지식 및 세탁 방법, 드라이클리닝 및 얼룩제거에 대한 기술과 세탁물을 빠르고 신속하게 분류하고 세탁 기계를 조작할 수 있는 능력이 요구된다. 고급 의류 및 신종 섬유 의복을 세탁할 수 있는 새로운 세탁 방법에 대해서도 꾸준히 습득하려는 노력이 필요하며, 장시간 동안 서서 작업하는 경우가 많으므로 강인한 체력이 요구된다. 세탁원들이 간단한 의류수선을 겸하는 경우도 많으므로 성격이 꼼꼼하고 세심한 사람에게 적합하다.청소원이 담당하는 업무의 근무 조건과 작업 환경이 열악하고 힘들기 때문에 성실함과 건강함이 요구된다. 사회형과 예술형의 흥미를 가진 사람에게 적합하며, 협조심, 남에 대한 배려, 스트레스를 감내할 수 있는 성격을 가진 사람들에게 유리하다."
렌탈관리ㆍA/S,4135,"육체적으로 큰 힘을 요구하지는 않지만, 신체적으로 건강한 것이 좋다. 고객에 대한 서비스 정신과 성실한 자세 등이 요구된다. 예술형과 현실형의 흥미를 가진 사람에게 적합하며, 꼼꼼함, 정직, 독립성, 인내심 등의 성격을 가진 사람들에게 유리하다.많은 가정을 돌아다니면서 검침 업무를 수행해야 하므로 신체적으로 건강해야 하며 성실함과 끈기가 요구된다. 고객에 대한 서비스 정신, 사용량에 따라 요금을 정확하게 징수할 수 있는 도덕성과 기본적인 수 계산능력 등이 요구된다. 현실형과 관습형의 흥미를 가진 사람에게 적합하며, 정직, 독립성, 자기를 통제할 수 있는 성격을 가진 사람들에게 유리하다.매장에서 대여하는 상품의 특성, 종류 등에 대해 잘 알고 있어야 하며, 고객에게 상품을 권하여 대여 거래를 이룰 수 있는 적극적이고 융통성 있는 세일즈 능력이 요구된다. 까다로운 고객의 요구에도 웃으면서 대할 수 있는 서비스 정신, 인내심, 대인관계능력이 요구된다. 관습형과 사회형의 흥미를 가진 사람에게 적합하며, 남에 대한 배려, 신뢰, 정직성 등의 성격을 가진 사람들에게 유리하다."
헤어ㆍ미용ㆍ네일샵,4140,"메이크업아티스트는 자유로운 신체적, 언어적 활동을 선호하는 성격으로 피부나 신체구조 등의 외모를 아름답고 건강하게 가꾸는 데에 관심이 많은 자이면 좋다. 변화나 다양성을 인정하는 개방적 사고와 미용기술의 시대적인 흐름과 트렌드를 읽을 줄 아는 분석력, 통찰력이 갖추어져 있다면 유리하다. 원만한 대인관계가 필요한 직업이므로 타인과 교제하기를 좋아하고 이들을 훈련시키거나 발달시키는 활동들을 선호한다면 좋다. 이외에도 의사소통능력이나 고객에 대한 서비스 정신도 갖추면 좋다. 고객의 취향이나 피부타입을 파악한 후 용모를 아름답게 변화시키는 업무를 수행하므로 미적 감각이나 손재주가 뛰어나야 하고 표현능력과 창의력이 있어야 한다. 전문가가 되기 위해서 열정뿐만 아니라 성실성 인내심이 뒷받침되어야 하는 직종으로 근성이 있는 사람들에게 유리하다.색에 대한 감각과 미적 센스가 요구되며, 극의 내용과 등장인물의 성격에 적합한 새로운 분장 기법을 고안해낼 수 있는 창의력과 이를 위해 꾸준히 노력하는 성실성과 인내심이 요구된다. 배우라는 고객을 상대하는 서비스 직업이므로 원만한 대인관계와 의사소통능력이 요구된다. 예술형과 탐구형의 흥미를 가진 사람에게 적합하며, 독립성, 적응력, 협조심, 리더십 등의 성격을 가진 사람들에게 유리하다.미용사는 사람의 용모를 다루는 직업이므로 용모에 대한 미적 감각과 손재주 등이 요구된다. 자신만의 독창적인 머리스타일을 만드는 법을 연구하고 개발하기 위한 노력과 성실함, 인내심이 필요하다. 고객에 대한 서비스 정신과 적극적이고 원만한 대인관계능력 및 의사소통능력이 요구된다. 예술형과 탐구형의 흥미를 가진 사람에게 적합하며, 적응력, 인내, 책임감, 사회성 등의 성격을 가진 사람들에게 유리하다.이용사는 사람의 용모를 다루는 직업이므로 용모에 대한 미적 감각과 손재주 등이 요구된다. 자신만의 이용 기술을 개발하기 위한 노력과 성실함, 인내심이 필요하다. 고객에 대한 서비스 정신과 적극적이고 원만한 대인관계능력 및 의사소통능력이 요구된다. 예술형과 현실형의 흥미를 가진 사람에게 적합하며, 남에 대한 배려, 독립성, 인내, 책임감 등의 성격을 가진 사람들에게 유리하다.손, 손톱, 발, 발톱 건강에 대한 지식과 손발톱을 아름답게 손질하고 꾸밀 수 있는 미적 감각이 요구된다. 고객을 직접 상대하는 직업의 특성상 원만한 인간관계능력과 의사소통능력이 요구된다. 유행의 흐름을 파악할 수 있는 패션 감각이 있으면 유리하다. 예술형과 현실형의 흥미를 가진 사람에게 적합하며, 남에 대한 배려, 꼼꼼함, 사회성 등의 성격을 가진 사람들에게 유리하다."
피부관리ㆍ마사지,4149,"피부관리사는 고객의 피부타입, 신체구조, 성격 등을 다양한 각도에서 파악할 수 있는 분석적 사고 능력이 요구된다. 고객을 가족같이 생각하는 긍정적인 마음가짐과 인내심이 필요하다. 또 많은 사람을 상대하므로 고객과의 원활한 의사소통과 원만한 대인관계가 요구된다. 예술형과 현실형의 흥미를 가진 사람에게 적합하며, 남에 대한 배려, 자기통제 능력, 인내심, 적응력 등의 성격을 가진 사람들에게 유리하다."
반려동물케어,4160,"동물의 특색에 맞게 미용을 해줄 수 있는 눈썰미와 미적 감각이 요구된다. 동물에 대한 애정이 있어야 하며, 장시간 서서 근무하거나 사납거나 덩치 큰 동물들을 다뤄야 하기 때문에 강인한 체력과 인내심이 필요하다. 현실형과 예술형의 흥미를 가진 사람에게 적합하며, 인내심, 자기통제 능력, 성취감 등의 성격을 가진 사람들에게 유리하다.동물조련사는 여러 동물들의 특성에 대한 지식이 필요하며 사육하고 관리하는 방법과 기술을 갖추고 있어야 한다. 또 위급 상황 시 수의사에게 알리는 순발력도 필요하다. 동물에 대한 애정과 이해가 있으면 유리하며, 오랜 시간과 노력이 필요하므로 인내와 끈기가 요구된다."
베이비시터ㆍ가사도우미,4170,"가사 노동은 체력 소모가 많은 일이므로 신체적으로 건강해야 하며, 자신의 집안일을 한다는 생각으로 가사 일을 대행할 수 있는 책임감과 성실함이 요구된다. 사회형과 현실형의 흥미를 가진 사람에게 적합하며, 정직, 인내심, 남에 대한 배려, 스트레스를 감내할 수 있는 성격을 가진 사람들에게 유리하다."
결혼ㆍ연회ㆍ장례도우미,4180,"고객을 직접 상대하고 상담하므로 친화력과 상담능력이 요구되며, 고객과 원만한 관계를 유지할 수 있는 인간관계능력과 의사소통능력 등이 필요하다. 고객에 대한 서비스 정신을 가지고 고객과의 약속을 반드시 이행할 수 있는 책임감과 성실함, 고객의 개인적 정보에 대한 비밀을 보장하는 직업윤리의식이 요구된다. 고객의 상담과 정보를 바탕으로 고객에게 가장 잘 적합한 배우자를 찾아낼 수 있는 분석력과 판단력이 요구된다.고객을 직접 상대하고 상담하므로 친화력과 상담능력이 요구되며, 고객과 원만한 관계를 유지할 수 있는 인간관계능력과 의사소통능력 등이 필요하다. 고객에 대한 서비스 정신을 가지고 고객과의 약속을 반드시 이행할 수 있는 책임감과 성실함이 요구되며, 결혼식장에서 제공하는 모든 서비스를 정확하게 알고 있어야 한다. 예술형과 진취형의 흥미를 가진 사람에게 적합하며, 남에 대한 배려, 적응력, 리더십 등의 성격을 가진 사람들에게 유리하다.고객을 직접 상대하고 상담하므로 친화력과 상담능력이 요구되며, 고객뿐 아니라 협력 업체와도 원만한 관계를 유지할 수 있는 인간관계능력과 의사소통능력 등이 필요하다. 고객의 예산을 최대한 효율적으로 활용하여 결혼을 준비할 수 있는 경영능력과 좋은 물건과 상품을 고르는 안목을 가지고 있으면 유리하다. 고객에 대한 서비스 정신을 가지고 고객과의 약속을 반드시 이행할 수 있는 책임감과 성실함이 요구된다. 관습형과 현실형의 흥미를 가진 사람에게 적합하다.장례절차, 장례 및 묘지에 대한 각종 행정절차, 수시, 염습을 비롯한 시신위생처리 등에 대한 지식을 가지고 있어야 하며, 죽은 사람의 몸을 다루는 일이므로 담력과 침착함이 요구된다. 불행한 일을 당한 유족에 대한 서비스 정신과 언제 발생할지 모르는 장의업무를 수행해낼 수 있는 강인한 체력과 스트레스 인내력이 요구된다."
판촉도우미,4190,"판매하는 상품의 특성, 종류 등에 대해 잘 알고 있어야 하며, 고객에게 상품을 권하고 대여 거래를 이룰 수 있는 적극적이고 융통성 있는 세일즈 능력이 요구된다. 조리 있는 언변과 함께 상황에 맞게 대처할 수 있는 임기응변과 협상력, 설득력이 요구되며, 고객의 요구와 고객의 어떤 반응에도 견디어낼 수 있는 인내심과 적극적 자세 등이 필요하다. 고객을 일일이 방문해야 하므로 강인한 체력이 요구된다. 진취형과 사회형의 흥미를 가진 사람에게 유리하다."
이벤트ㆍ행사스텝,4200,"파티플래너는 파티현장의 돌발 상황에 대처할 수 있는 위기관리능력과 순발력, 판단력이 요구되며, 공간연출 감각과 창의력도 필요하다. 사람들을 배려하는 자세를 지녀야하며, 책임감이 강하고 꼼꼼한 성격을 가진 사람에게 적합하다.기획력을 갖추어야 하며 창의력과 마케팅 능력 등이 요구되며 순발력, 추진력, 지도력도 갖추어야 한다. 광고주나 의뢰자들과의 원만한 대인관계가 요구되며 체력소모도 많은 직업이므로 강인한 체력도 갖추어야 한다. 예술형과 진취형의 흥미를 가진 사람에게 적합하며, 협조심, 사회성, 적응성 등의 성격을 가진 사람들에게 유리하다."
나레이터모델,4210,"성우가 되기 위해서는 무엇보다 연기를 위해 성대모사는 자기만의 독특한 목소리를 키우고 가꾸며, 다양한 배역을 소화해내려는 연기에 대한 열정과 노력이 요구된다. 발음 및 억양 교정을 통해 표준어를 정확하게 발음하고 구사할 수 있어야 한다. 언어와 문장에 대한 순발력과 센스가 필요하다. 예술형과 탐구형의 흥미를 가진 사람에게 적합하며, 스트레스 감내, 사회성, 성취 등의 성격을 가진 사람들에게 유리하다."
피팅모델,4220,"모델은 연출자의 지시를 이해하고 응용할 수 있는 능력이 필요하며, 새로운 상품을 이해하고 특징과 장점을 소비자에게 인상적으로 전달 할 수 있는 능력이 요구된다. 촬영시간이 깊은 밤과 이른 아침을 불문하고 행해지므로 항상 좋은 컨디션을 유지할 수 있도록 노력이 필요하다. 예술형과 진취형의 흥미를 가진 사람에게 적합하며, 인내, 사회성, 스트레스를 감내할 수 있는 성격을 가진 사람들에게 유리하다."
서비스?기타,4990,"공동주택 시설의 유지 및 관리 방법에 대한 지식을 갖추고 있어야 하며 공동주택을 전문적이고 계획적으로 관리경영할 수 있는 능력이 요구된다. 주택 관리사는 경비, 경리, 청소직원 등 관리 사무소 직원들을 감독하고 이들의 업무를 관리해야 하므로 리더십과 통솔력, 책임감, 공정함 등을 가지고 있어야 한다. 공동주택 입주민들간의 각종 이해관계와 요구사항들을 조화롭게 중재하여 해결할 수 있도록 하는 합리적 사고방식과 문제해결능력, 대인관계능력이 필요하다.고객의 개성과 장단점 및 문제점을 심층적으로 분석하고 파악할 수 있는 능력과 고객에게 가장 적합한 새로운 이미지를 창조해낼 수 있는 창의력과 감각이 요구된다. 많은 사람들을 상대하는 일이 많으므로 고객에게 신뢰감을 줄 수 있어야 하며, 적극적이고 원만한 대인관계능력 및 의사소통능력을 가진 사람에게 적합하다. 잡지나 방송 매체를 통해 꾸준히 새로운 트렌드를 분석하고 실무에 적용할 수 있는 능력이 요구된다.개개인에 알맞은 식생활 프로그램의 실시 및 상담 업무를 수행하기 위해 영양 조절 및 운동방법, 행동수정요법, 심리학 등에 대한 지식과 이해가 요구된다. 1:1로 고객을 관리하고 상담하기 때문에, 원만한 대인관계 능력, 의사소통능력, 그리고 고객에 대한 서비스 정신이 요구된다.유행에 민감한 분야이므로 패션 동향의 흐름을 파악하고 분석할 수 있는 능력과 의상에 대한 이해력, 색채감각, 독창적인 구성력과 기획력 등이 필요하다. 필요에 따라 공연이나 무대에 어울리는 의상을 제작해낼 수 있는 능력이 요구되며, 고객에 대한 서비스 정신을 가지고 있어야 한다. 의류 업체와의 원만한 협의와 협상을 통해 연예인의 의상 협찬을 받아낼 수 있는 협상력, 의사소통능력, 대인관계능력이 요구된다. 예술형과 현실형의 흥미를 가진 사람에게 적합하다."
사무보조,6010,"사무실무, 워드 문서작업능력 등이 요구된다. 원만한 대인관계능력과 친절한 태도가 요구된다."
문서작성ㆍ자료조사,6015,"방송 프로그램이나 특정 상품, 서비스 등을 꼼꼼하게 관찰할 수 있는 능력이 요구된다. 의뢰 기관의 상품이나 서비스 등에 대한 객관적이고 건설적 비판과 조언을 할 수 있는 논리적 사고능력과 창의적 사고가 요구되며 그것을 보고서로 작성할 수 있는 논리 정연한 언어구사능력 및 문서 작성 능력이 요구된다. 관습형과 사회형의 흥미를 가진 사람에게 적합하며, 스트레스 감내, 인내, 꼼꼼함 등의 성격을 가진 사람들에게 유리하다.집중력, 기억력이 필요하며 청력과 판단력을 갖추어야 한다. 맞춤법, 작문법, 문법에 관한 지식과 컴퓨터 및 장비를 능숙하게 조작할 수 있어야 한다. 침착하고 꼼꼼한 성격을 가진 사람에게 유리하며, 장시간 컴퓨터로 작업해야 하므로 건강한 체력과 끈기가 있어야 한다. 현실형과 관습형의 흥미를 가진 사람에게 적합하며, 꼼꼼함, 정직성, 독립성 등의 성격을 가진 사람들에게 유리하다.여론 및 시장 조사 방법에 대한 지식을 가지고 있어야 하며 컴퓨터 프로그램을 이용하여 다양한 통계 분석기법을 활용하고 결과를 정확하게 분석해낼 수 있는 능력이 요구된다. 여론 및 시장 조사의 분석결과를 토대로 보고서를 작성하고 이를 상사나 의뢰자에게 설득하고 이해시킬 수 있는 논리적인 언어능력과 의사소통능력이 요구된다. 평소 호기심이 많고 특정 상품 또는 현상의 원인을 분석하는 일에 대한 흥미와 소질이 있는 사람에게 적합하다.기본적인 수리감각과 정확성, 회계에 대한 전문 지식이 요구되며 최근 기업체에서 회계 업무의 전산화 시스템 구축하는 추세가 늘어나고 있으므로 세무 및 회계 업무처리에 필요한 기본적인 컴퓨터 활용능력을 갖추고 있어야 한다. 현금 거래 등의 지불수단을 취급하므로 정직성과 도덕성, 책임감이 요구된다. 관습형과 현실형의 흥미를 가진 사람에게 적합하며, 정직성, 꼼꼼함, 책임감 등의 성격을 가진 사람들에게 유리하다."
비서,6020,"사무절차를 이해하고 적용할 수 있는 학습능력과 뛰어난 기억력, 정확한 의사전달능력 등이 필요하다. 컴퓨터 활용 능력과 외국어 구사 능력도 있어야 한다. 상사 및 업무와 관련된 사항을 절대 외부에 유출해서는 안 되므로 철저한 직업정신, 책임감이 요구된다. 타인에 대한 배려, 신뢰감을 줄 수 있는 태도를 갖추어야 한다."
경리ㆍ회계보조,6030,"세무사는 정확한 수량화와 체계화를 위한 분석이 필요하기 때문에 뛰어난 수학적 능력과 분석적 사고능력을 갖추어야 한다. 고객의 정보를 보호하고 세무업무의 공정성과 정확성을 위해 강한 윤리 의식과 책임감, 성실함, 치밀하고 꼼꼼한 성격이 요구된다. 신뢰감을 줄 수 있는 태도와 원만한 대인관계를 갖추어야 한다. 관습형과 현실형의 흥미를 가진 사람에게 적합하며, 신뢰성, 꼼꼼함, 정직성 등의 성격을 가진 사람들에게 유리하다.회계 관련 서류들을 세밀하게 검토하고 계산상의 오류를 잡아낼 수 있는 수리능력과 분석력, 정확한 판단력이 필요하다. 꼼꼼하고 치밀한 성격이 유리하며 공정한 업무처리능력과 다양한 고객을 상대하기 때문에 원만한 대인관계능력을 갖추어야 한다. 진취형과 관습형의 흥미를 가진 사람에게 적합하며, 독립성, 꼼꼼함, 분석적 사고 등의 성격을 가진 사람들에게 유리하다."
인사ㆍ총무,6033,"논리적 사고방식과 내부적 상황에 구애받지 않고 경영상의 문제점을 진단, 권고할 수 있는 객관성과 확고한 주관, 판단력 그리고 해결을 위한 창의력 등이 필요하다. 다양한 사람들과 접하며 원활하게 업무를 수행해야 하기에 사교성, 유연한 의사소통능력, 외국어 실력도 갖추어야 한다. 진취형과 사회형의 흥미를 가진 사람에게 적합하며, 신뢰성, 분석적 사고, 혁신 등의 성격을 가진 사람들에게 유리하다."
마케팅ㆍ광고ㆍ홍보,6036,"영업원은 기본적인 영업능력, 말하기, 설득력, 협상능력, 상황대처능력이 필요하며, 영업품목과 관련된 해박한 제품지식이 필요하다. 많은 잠재고객을 상대함에 따라 적극적이고 긍정적인 사고를 갖는 것이 중요하며 고객에게 신뢰감을 줄 수 있는 능력이 요구된다.기획력을 갖추어야 하며 창의력과 마케팅 능력 등이 요구되며 순발력, 추진력, 지도력도 갖추어야 한다. 광고주나 의뢰자들과의 원만한 대인관계가 요구되며 체력소모도 많은 직업이므로 강인한 체력도 갖추어야 한다. 예술형과 진취형의 흥미를 가진 사람에게 적합하며, 협조심, 사회성, 적응성 등의 성격을 가진 사람들에게 유리하다."
번역ㆍ통역,6050,"뛰어난 외국어 구사 능력이 필요하며, 분석적 사고와 판단력, 의사결정능력이 있어야 한다. 국가를 대표하는 직업인만큼 확고한 국가관과 책임의식이 있어야 하며, 원만한 인간관계를 유지할 수 있는 능력과 협상 능력이 필요하다. 관습형과 진취형의 흥미를 가진 사람에게 적합하며, 스트레스 감내, 분석적 사고, 리더십 등의 성격을 가진 사람들에게 유리하다.통역가는 높은 어학 능력, 표현력, 정확한 발음이 요구되며, 집중력과 순발력 등을 갖추어야 한다. 언어 외에도 해당국가의 풍습과 문화에 대한 충분한 지식이 있어야 한다. 항상 긴장감 속에서 일하기 때문에 스트레스를 잘 이겨낼 수 있는 활발한 성격의 사람에게 유리하다. 진취형과 예술형의 흥미를 가진 사람에게 적합하며, 적응성, 스트레스 감내, 책임감 등의 성격을 가진 사람들에게 유리하다."
복사ㆍ출력ㆍ제본,6055,"사무실무, 워드 문서작업능력 등이 요구된다. 원만한 대인관계능력과 친절한 태도가 요구된다."
편집ㆍ교정ㆍ교열,6060,"집중력, 기억력이 필요하며 청력과 판단력을 갖추어야 한다. 맞춤법, 작문법, 문법에 관한 지식과 컴퓨터 및 장비를 능숙하게 조작할 수 있어야 한다. 침착하고 꼼꼼한 성격을 가진 사람에게 유리하며, 장시간 컴퓨터로 작업해야 하므로 건강한 체력과 끈기가 있어야 한다. 현실형과 관습형의 흥미를 가진 사람에게 적합하며, 꼼꼼함, 정직성, 독립성 등의 성격을 가진 사람들에게 유리하다.필름 예술의 최종 창조과정을 담당하는 편집기사가 되기 위해서는 전체적인 극구성과 등장인물간의 균형을 이해하고, 이에 따라 편집을 진행할 수 있는 감각과 판단력, 세심함, 꼼꼼함 등이 요구된다. 편집기술에 대한 지식 외에도 음향, 미술, 연출, 촬영, 조명 등 영화 및 드라마 제작 전반에 대한 이해와 지식이 요구된다. 작업시간이 일정하지 않고 야간작업이 많으므로, 신체적으로 건강해야 한다. 예술형과 탐구형의 흥미를 가진 사람에게 유리하다."
공공기관ㆍ공기업ㆍ협회,6070,"행정부고위공무원은 인적자원 관리능력과 조직체계의 분석 및 평가능력이 요구되며, 법률, 규정과 경영 및 관리에 관한 지식을 가지고 있어야 한다. 부처 간 행정업무를 기획, 지휘, 조정할 수 있는 협조능력과 리더십이 필요하다.사회복지사는 다른 사람의 욕구와 행동에 적절히 대응할 수 있는 문제해결능력과 협상, 설득할 수 있는 능력이 필요하다. 인간존중 및 사회정의에 대한 사명의식,봉사정신이 필요하며 상대방에 대한 배려와 협동심, 원만한 대인관계를 유지시킬 수 있는 의사소통능력이 요구된다. 사회형과 탐구형의 흥미를 가진 사람에게 적합하며, 남에 대한 배려, 사회성, 정직성 등의 성격을 가진 사람들에게 유리하다.일반아동 및 특수아동의 신체발달, 심리와 생동, 부모교육 등에 대한 지식과 더불어 돌발 상황에 대한 신속한 판단 능력과 대처 능력이 필요하다. 정확한 언어 구사 능력과 바른 행동을 갖추어야 한다. 교육자로서 사명감과 아이들을 아끼고 사랑하는 마음은 물론, 책임감과 성실, 끈기 등을 갖추어야 한다. 사회형과 관습형의 흥미를 가진 사람에게 적합하며, 자기통제, 정직성, 사회성, 남에 대한 배려 등의 성격을 가진 사람들에게 유리하다."
학교ㆍ도서관ㆍ교육기관,6080,"교육 및 훈련 전반, 그리고 교육 행정에 대한 전문적 지식이 요구된다. 타인 성과를 점검하고 객관적으로 평가하여, 문제의 본질을 파악하고 해결방법을 모색할 수 있는 능력이 요구된다. 학교 교육과정 등을 관찰하고 그에 대한 평가 보고서를 작성할 수 있는 논리적 언어표현능력과 문서작성능력이 필요하다. 진취형과 사회형의 흥미를 가진 사람에게 적합하며, 남에 대한 배려, 정직성, 사회성, 리더십 등의 성격을 가진 사람들에게 유리하다.독서지도 교육과 관련된 교육학 이론 및 지식이 요구되며, 독서지도와 관련된 자료를 활용할 수 있는 능력이 요구된다. 학습자의 글쓰기를 지도할 수 있는 전문적 소양과 작성된 글에 대한 서평을 할 수 있는 능력이 요구된다. 학생들의 독서토론을 지도할 수 있는 논리적이고 명확한 의사소통능력이 요구된다."
고객상담ㆍ인바운드,7010,"데이터를 해석하고 분석할 수 있는 수리능력 및 컴퓨터네트워크, 하드웨어, 소프트웨어 등의 정보기술 및 활용 능력을 가지고 있어야 하며, 이와 함께 기업의 경영, 회계, 인사 등에 대한 지식이 요구된다. 문제를 효과적으로 해결할 수 있는 분석적이고 논리적 사고능력과 고객관계관리시스템의 설계를 의뢰한 고객과 원활하고 명확하게 의사소통할 수 있는 능력이 필요하다."
텔레마케팅ㆍ아웃바운드,7020,"외국인과 많은 접촉이 있는 호텔의 교환원이나 국제전화교환원으로 근무하기 위해서는 일상생활 정도의 외국어 구술능력이 필요하다. 장시간 동안 이루어지는 많은 사람의 문의 요청에 친절하게 응대할 수 있어야 하며 예의 바르며 인내심이 강해야 한다. 맑고 명랑한 음성과 뛰어난 청각 기능, 신속하고 정확한 기계조작 및 정보검색 능력 등이 요구된다. 관습형과 사회형의 흥미를 가진 사람에게 적합하며, 남에 대한 배려, 자기통제 능력, 독립성이 필요하다.전혀 모르는 고객을 대상으로 전화상으로 판매 활동을 수행하기 때문에 고객에게 친밀감과 신뢰감을 줄 수 있는 밝은 성격, 정확한 발음, 표준말, 적당한 말의 속도와 성량 등이 요구된다. 또한, 조리 있는 언변과 함께 상황에 맞게 대처할 수 있는 임기응변과 협상력, 설득력이 요구된다. 고객의 요구와 고객의 어떤 반응에도 견디어낼 수 있는 인내심과 적극적 자세 등이 필요하다. 진취형과 사회형의 흥미를 가진 사람에게 적합하다."
금융ㆍ보험영업,7025,"환율, 물가 등 경제 내외적 변수를 읽는 탁월한 수리력과 분석력이 있어야 한다. 국제경기 및 장래 시장의 흐름을 파악하는 예측력과 증시변화에 따라 의사 결정할 수 있는 판단력과 결단력을 갖추고 있어야 한다. 회사 또는 고객의 자산을 운용하는 업무를 담당하기 때문에 강한 윤리의식과 책임감, 성실함이 요구된다. 진취형과 탐구형의 흥미를 가진 사람에게 적합하며, 스트레스 감내, 자기통제 능력, 분석적 사고 등의 성격을 가진 사람들에게 유리하다.투자분석가는 수학적 마인드와 거시경제를 읽을 수 있는 능력이 있어야 하며, 판단력과 분석력, 역동적인 증권시장의 변화에 대처할 수 있는 균형감각을 갖추어야 한다. 때로는 과감하게 의사결정을 내릴 수 있는 결단력이 필요하며, 상대방을 설득할 수 있는 능력과 신뢰를 줄 수 있는 태도가 있어야 한다 국내 뿐 아니라 해외투자자들도 상대하고 외국문헌도 분석하기 때문에 능통한 외국어 실력 및 발표능력을 갖추어야 한다. 탐구형과 진취형의 흥미를 가진 사람에게 적합하며, 스트레스 감내, 자기통제 능력, 분석적 사고 등의 성격을 가진 사람들에게 유리하다.추상적인 개념을 수리적으로 표현하고 관련시켜 분석할 수 있는 고도의 수리능력과 분석능력, 판단력을 갖추어야 한다. 침착하고 꼼꼼한 성격을 가진 사람에게 유리하며 일에 대한 책임감과 상대방에게 신뢰를 줄 수 있어야 한다. 관습형과 탐구형의 흥미를 가진 사람에게 적합하며, 꼼꼼함, 분석적 사고, 신뢰성 등의 성격을 가진 사람들에게 유리하다."
일반영업ㆍ판매,7030,"영업원은 기본적인 영업능력, 말하기, 설득력, 협상능력, 상황대처능력이 필요하며, 영업품목과 관련된 해박한 제품지식이 필요하다. 많은 잠재고객을 상대함에 따라 적극적이고 긍정적인 사고를 갖는 것이 중요하며 고객에게 신뢰감을 줄 수 있는 능력이 요구된다.자신이 담당하고 있는 각종 보험 상품 및 서비스에 대한 지식을 가지고 있어야 하며 철저한 고객관리를 통해 고객에게 필요한 상품을 파악하여 소개ㆍ권유할 수 있는 분석력과 설득력이 요구된다. 최근 생활 설계사의 펀드 판매가 가능해짐에 따라 각종 금융 정보 및 펀드 상품 등에 대한 폭넓은 지식을 쌓는 노력이 필요하다. 고객을 상대하는 일이 많으므로 적극성, 친절함, 서비스 정신과 원만한 대인관계능력이 요구된다.정확한 언어구사력과 긴시간동안 사람들의 관심을 집중시킬 수 있는 화술이 필요하다. 다양한 분야에 대한 상식과 시장동향, 개인의 소비심리에 대한 지식을 갖추어야 한다. 순간적인 위기에 대처할 수 있는 능력과 순발력이 요구되고, 정보를 재미있게 전달할 수 있는 재치가 있어야 한다. 예술형과 탐구형의 흥미를 가진 사람에게 적합하며, 적응성, 스트레스 감내, 협조심 등의 성격을 가진 사람들에게 유리하다.판매하는 상품의 특성, 종류 등에 대해 잘 알고 있어야 하며, 고객에게 상품을 권하고 대여 거래를 이룰 수 있는 적극적이고 융통성 있는 세일즈 능력이 요구된다. 조리 있는 언변과 함께 상황에 맞게 대처할 수 있는 임기응변과 협상력, 설득력이 요구되며, 고객의 요구와 고객의 어떤 반응에도 견디어낼 수 있는 인내심과 적극적 자세 등이 필요하다. 고객을 일일이 방문해야 하므로 강인한 체력이 요구된다. 진취형과 사회형의 흥미를 가진 사람에게 유리하다.IT 제품의 기능과 성능, 활용 방법 및 제품과 관련된 정보를 수집분석하고 활용할 수 있는 능력이 필요하다. 고객의 요구를 정확하게 이해하고 분석하여 고객이 원하는 서비스와 제품을 소개할 수 있는 분석력과 판단력, 고객에 대한 서비스 정신이 요구된다. 새로운 제품 정보나 제품의 업그레이드 관련 정보를 고객에게 제공하여 고객과의 거래가 미래에도 계속해서 성립될 수 있도록 하는 고객관리능력 역시 요구된다.고객의 요구를 정확하게 이해하고 분석하여 고객이 원하는 서비스와 제품을 소개할 수 있는 분석력과 판단력, 고객에 대한 서비스 정신이 요구된다. 판매를 담당하고 있는 자동차와 타 경쟁업체 자동차의 기능, 성능 등에 대한 지식을 가지고 있어야 하며, 고객의 구매를 유도할 수 있는 설득력과 의사소통능력이 요구된다. 새로운 차량의 정보나 정비 관련 정보를 고객에게 제공함으로서 고객과의 거래가 미래에 계속해서 성립될 수 있도록 하는 고객관리능력이 중요하다."
설문조사ㆍ리서치,7040,"방송 프로그램이나 특정 상품, 서비스 등을 꼼꼼하게 관찰할 수 있는 능력이 요구된다. 의뢰 기관의 상품이나 서비스 등에 대한 객관적이고 건설적 비판과 조언을 할 수 있는 논리적 사고능력과 창의적 사고가 요구되며 그것을 보고서로 작성할 수 있는 논리 정연한 언어구사능력 및 문서 작성 능력이 요구된다. 관습형과 사회형의 흥미를 가진 사람에게 적합하며, 스트레스 감내, 인내, 꼼꼼함 등의 성격을 가진 사람들에게 유리하다.경영학, 경제학, 회계학 특히, 재무제표에 대한 기초이해(회계의 개념, 예금, 유가증권, 자산의 이해)와 채권분석 및 재무분석에 대한 지식이 요구된다. 치밀한 분석능력이 요구되며, 고객을 상대하는 일이 많으므로 원만한 대인관계능력과 의사소통능력이 필요하다."
영업관리ㆍ지원,7050,"논리적 사고방식과 내부적 상황에 구애받지 않고 경영상의 문제점을 진단, 권고할 수 있는 객관성과 확고한 주관, 판단력 그리고 해결을 위한 창의력 등이 필요하다. 다양한 사람들과 접하며 원활하게 업무를 수행해야 하기에 사교성, 유연한 의사소통능력, 외국어 실력도 갖추어야 한다. 진취형과 사회형의 흥미를 가진 사람에게 적합하며, 신뢰성, 분석적 사고, 혁신 등의 성격을 가진 사람들에게 유리하다."
제조ㆍ가공ㆍ조립,8020,"신체적으로 건강해야 하며, 강인한 체력이 요구된다. 작업이 단순하고 반복적이므로 끈기와 인내심이 요구된다.기계를 다루는데 흥미와 재능이 있어야 하며, 설계도나 작업계획서에 따라 정확하고 정교하게 공구를 제작해낼 수 있는 꼼꼼함과 손재주가 필요하다.가구제작 도면을 읽을 수 있는 능력과 가구제작에 필요한 기기 및 장비를 다룰 수 있는 손재주와 꼼꼼함 등이 요구된다. 디자인 감각이 있으면 작업 수행에 유리할 수 있다. 사회형과 진취형의 흥미를 가진 사람에게 적합하며, 자기통제 능력, 협조심, 사회성 등의 성격을 가진 사람들에게 유리하다."
포장ㆍ품질검사,8040,"가구제작 도면을 읽을 수 있는 능력과 가구제작에 필요한 기기 및 장비를 다룰 수 있는 손재주와 꼼꼼함 등이 요구된다. 디자인 감각이 있으면 작업 수행에 유리할 수 있다. 사회형과 진취형의 흥미를 가진 사람에게 적합하며, 자기통제 능력, 협조심, 사회성 등의 성격을 가진 사람들에게 유리하다.신체적으로 건강해야 하며, 강인한 체력이 요구된다. 작업이 단순하고 반복적이므로 끈기와 인내심이 요구된다.건설시공 및 설계, 재료, 토질, 지반의 특성 등에 대한 지식과 이해가 요구되며, 시험 장비들을 자유롭게 사용하고 검사 결과를 정확하게 분석하고 판단할 수 있는 능력이 필요하다. 건설공사의 부실은 대형 사고를 유발할 수 있으므로 책임감을 가지고 성실하게 업무를 수행하는 태도가 요구된다."
입출고ㆍ창고관리,8050,"현 물류체제의 문제점을 파악하여 새로운 물류 전략 및 기획을 수립할 수 있는 정보 수집 및 분석 능력이 요구된다. 물류체계 개선을 위한 다각적 대책 마련을 위한 창의성, 개방적 사고능력과 통찰력 등이 필요하다. 자신의 물류체제 개선 기획안을 실행시킬 수 있는 추진력과 이를 상사나 고객에게 설득시킬 수 있는 논리적인 언어능력과 의사소통능력이 필요하다.지게차의 구조와 성능 및 기초적인 정비 업무에 대한 지식이 요구된다. 지게차를 운전하고 조작할 수 있는 정교한 손놀림과 무거운 물건(45kg)을 드는 경우도 있으므로 건강한 체력이 요구된다. 현실형과 예술형의 흥미를 가진 사람에게 적합하며, 독립성, 협조심, 자기통제 능력, 사회성 등의 성격을 가진 사람들에게 유리하다.신체적으로 건강해야 하며, 강인한 체력이 요구된다. 작업이 단순하고 반복적이므로 끈기와 인내심이 요구된다."
상하차ㆍ소화물?분류,8056,"신체적으로 건강해야 하며, 강인한 체력이 요구된다. 작업이 단순하고 반복적이므로 끈기와 인내심이 요구된다.상품 등을 고객에게 정확하고 신속하게 배송해야 하므로 상품을 자기 물건처럼 소중하게 다룰 수 있는 책임감이 요구된다. 무거운 물건을 운반하는 일이 잦으므로 건강한 체력이 요구되며, 어떠한 기후조건에도 성실하게 물건을 배달할 수 있는 성실함과 인내력이 요구된다. 신속하고 정확한 배송을 위해 담당 관할 구역의 지리도 잘 파악하고 있어야 한다. 사회형의 흥미를 가진 사람에게 적합하다."
기계ㆍ전자ㆍ전기,8065,"전기와 기계에 대한 기본적 이해와 지식이 요구되며, 장시간 서서 작업을 해야 하는 경우가 많으므로 신체적으로 건강해야 한다. 기계설비와 작동상태의 문제가 발생시 신속하게 대처하여 문제를 해결할 수 있는 능력이 필요하다. 현실형과 탐구형의 흥미를 가진 사람에게 적합하며, 혁신, 리더십, 협조심 등의 성격을 가진 사람들에게 유리하다.전기공학기술자는 문제해결을 위한 분석적 사고능력과 판단력이 요구되며 전기전자와 관련된 이공계 관련 지식이 필요하다. 다른 영역과 상호 협력해야 하는 일이 많으므로 리더십, 협동심, 원만한 인간관계가 요구된다. 작은 실수로 인해 큰 재해가 일어날 수도 있기 때문에 항상 주의가 필요하다.전자 부품 및 제품 생산직은 전기전자기계에 대한 이론을 이해하고 디지털화에 따른 지식과 분석적 사고 능력, 수리능력이 요구된다. 세밀하고 정밀한 작업이기에 꼼꼼한 성격을 가진 사람에게 유리하며 끈기가 있어야 한다. 또 직업의식에 따른 책임감이 필요하다. 탐구형과 현실형의 흥미를 가진 사람에게 적합하며, 꼼꼼함, 협조심, 신뢰성 등의 성격을 가진 사람들에게 유리하다.전자공학기술자는 새로운 기술과 기능을 제품으로 만들 수 있는 창의력, 분석적사고 능력이 필요하다. 또 전기전자와 관련된 이공계 관련 지식이 요구된다. 회로 등 정밀부품을 다루기 때문에 꼼꼼한 사람에게 유리하며 여러 명이 함께 작업하는 경우가 많으므로 원만한 대인관계가 필요하다.기계공학 기술자ㆍ연구원은 새로운 모델과 신기술 개발을 위해서 논리적이며 분석적인 자세가 요구되며, 부가가치가 높은 신제품을 개발하기 위한 혁신적이며 창의적인 사고력이 필요하다. 타 관련 전문가와의 협력에 의해 일을 하게 되는 경우가 많으므로 협동정신, 원만한 대인관계가 필요하다. 현실형과 탐구형의 흥미를 가진 사람에게 적합하며, 스트레스 감내성, 분석적 사고, 적응성 및 융통성 등의 성격을 가진 사람들에게 유리하다."
정비ㆍ수리ㆍ설치ㆍA/S,8075,"전기기기, 전기·전자 및 기계이론에 대한 지식과 이해가 요구되며, 전기설비 배선도 및 설계도를 보고 건축물의 전기설비 특징을 파악할 수 있는 공간 판단력이 필요하다. 전선이나 부품들이 색으로 구별되는 경우가 많기 때문에 색맹·색약이 아니어야 하며, 작업에 필요한 수공구 등을 능숙하게 사용할 수 있는 능력과 꼼꼼함 등이 요구된다.전공은 전기기계장치의 설계도, 배선도를 이해하고 관련 장치의 부품 상호간 배열, 위치, 관계 등을 판단할 수 있는 능력이 필요하다. 여러 배선의 색상을 구별해야 하는 경우가 많으므로 꼼꼼하고 섬세함이 요구되며, 여러 명이서 일하는 경우가 많으므로 협동심과 원만한 대인관계가 필요하다. 현실형과 진취형의 흥미를 가진 사람에게 적합하다.목재를 이용하여 건축물의 제작과 설치 업무를 수행하므로 손재주, 미적감각, 꼼꼼함과 섬세함이 요구된다. 공사현장에서 작업이 이루어지므로 신체적으로 건강해야 하며, 강인한 체력이 요구된다. 진취형과 예술형의 흥미를 가진 사람에게 적합하며, 협조심, 꼼꼼함, 사회성 등의 성격을 가진 사람들에게 유리하다.전자장비에 대한 전문적 지식과 기술이 요구되며, 전자장비의 문제나 장애 원인을 정확하게 파악ㆍ분석하여 문제를 해결할 수 있는 능력이 필요하다. 고객에 대한 서비스 정신이 요구되며, 기술이 계속 발전하므로 새로운 기술습득과 끊임없는 자기계발을 위해 노력하는 자세가 필요하다."
공사ㆍ건설현장,8085,"건축공학기술자는 다양한 건축물을 설계하는 일이 많기 때문에 창의력, 합리적인 사고, 공간 지각력이 필요하다. 단순 노무를 하는 사람부터 고급 기술을 갖춘 사람들까지 다양한 사람들과 함께 일을 하는 경우가 많으므로 원만한 대인관계가 요구되며, 일정 기간 건설현장에 근무해야하므로 신체적 강인함도 요구된다. 건축공학기술자가 필요한 지식은 공학과 기술, 디자인, 물리, 안전과 보안, 기계 등이다. 예술형과 탐구형의 흥미를 가진 사람들에게 적합하다.건설기계운전원은 공간 판단력, 손발의 협응 능력과 손재능이 필요하다. 거친 건설 현장에 적응할 수 있는 체력과 기계나 장비를 잘 다룰 수 있어야하며 간단한 정비 능력을 갖추어야한다. 정교한 손놀림과 성실함과 책임감이 있어야 한다. 현실형과 진취형의 흥미를 가진 사람에게 적합하며, 남에 대한 배려, 꼼꼼함, 독립성 등의 성격을 가진 사람들에게 유리하다."
PVC(닥트ㆍ배관설치),8095,"건축도면과 배관도면을 이해하여 배관 공사를 정확하게 마무리할 수 있는 꼼꼼함과 정확성이 요구된다. 신체적으로 건강해야 한다. 현실형과 탐구형의 흥미를 가진 사람에게 적합하며, 꼼꼼함, 스트레스 감내, 협조심 등의 성격을 가진 사람들에게 유리하다.건축공학기술자는 다양한 건축물을 설계하는 일이 많기 때문에 창의력, 합리적인 사고, 공간 지각력이 필요하다. 단순 노무를 하는 사람부터 고급 기술을 갖춘 사람들까지 다양한 사람들과 함께 일을 하는 경우가 많으므로 원만한 대인관계가 요구되며, 일정 기간 건설현장에 근무해야하므로 신체적 강인함도 요구된다. 건축공학기술자가 필요한 지식은 공학과 기술, 디자인, 물리, 안전과 보안, 기계 등이다. 예술형과 탐구형의 흥미를 가진 사람들에게 적합하다."
조선소,8100,"각종 선박의 개발, 설계, 제조, 설치, 운용, 유지, 보수에 대한 공학적 원리와 개념에 대한 이해가 요구된다. 새로운 것에 대한 탐구정신과 호기심, 창의성과 문제해결을 위한 논리적 사고, 분석력, 그리고 정확한 판단력이 요구된다. 다른 기술자나 전문가와 협력하여 일을 하는 경우가 많으므로, 원만한 대인관계능력과 명확한 의사소통능력이 필요하다. 탐구형과 관습형의 흥미를 가진 사람에게 적합하며, 협조심, 사회성, 분석적 사고 등이 필요하다."
재단ㆍ재봉,8110,"양장사 및 양복사는 예술적인 감각과 창의성이 있어야 하며, 디자인에 관한 지식과 원자재, 품질관리, 비용 등에 대한 지식이 요구된다. 세심하고 꼼꼼한 성격을 가진 사람에게 유리하며 원만한 대인관계를 유지시킬 수 있는 능력과 고객서비스 마인드가 필요하다. 예술형과 탐구형의 흥미를 가진 사람에게 적합하며, 꼼꼼함, 인내심, 신뢰성 등의 성격을 가진 사람들에게 유리하다.한복사는 예술적인 감각과 창의력이 요구되며 정교하고 꼼꼼한 손동작과 집중력이 있어야 한다. 차분하고 섬세한 성격을 가진 사람에게 유리하며 오랜 시간 앉아서 작업하는 경우가 많으므로 인내심과 일에 대한 책임감이 있어야 한다. 예술형과 현실형의 흥미를 가진 사람에게 적합하며, 꼼꼼함, 인내심, 신뢰성 등의 성격을 가진 사람들에게 유리하다.구두나 가죽제품과 관련된 디자인이나 봉제 등의 모든 제조 관련 업무에 대한 지식이 요구된다. 미적 감각과 손재주, 꼼꼼함 등이 요구된다."
생산ㆍ건설ㆍ노무?기타,8990,"신체적으로 건강해야 하며, 강인한 체력이 요구된다. 작업이 단순하고 반복적이므로 끈기와 인내심이 요구된다.업무의 특성상 체력 소모가 많으므로 신체적으로 건강해야 하고 강인한 체력이 요구된다. 다양한 석재 시공 재료를 여러 방법으로 시공할 수 있는 능력이 요구되며, 꼼꼼함과 손재주가 필요하다. 미술적 감각과 소질이 있으면 더욱 유리하다. 예술형과 현실형의 흥미를 가진 사람에게 적합하며, 꼼꼼함, 인내, 성취 등의 성격을 가진 사람들에게 유리하다."
웹ㆍ모바일기획,9005,"창의력과 기획력이 요구되며, 새로운 정보를 수집하고 적용하는 능력과 매체를 활용하는 능력이 필요하다. 꼼꼼한 성격을 가진 사람에게 유리하며, 여러 분야의 담당자들과 의견을 조율하고 지휘할 수 있는 리더십과 통솔력이 있는 사람에게 적합하다.컴퓨터 구조 및 시스템, 인터넷 사이트 구축 등에 대한 지식과 기술이 요구된다. 기본적인 수리능력 및 정보분석능력을 가지고 있어야 하며, 문제를 효과적으로 해결할 수 있는 분석적이고 논리적 사고능력이 필요하다. 관습형과 진취형의 흥미를 가진 사람에게 적합하며, 협조심, 분석적 사고, 스트레스를 감내할 수 있는 성격을 가진 사람들에게 유리하다."
사이트ㆍ콘텐츠?운영,9010,"컴퓨터 구조 및 시스템, 인터넷 사이트 구축 등에 대한 지식과 기술이 요구된다. 기본적인 수리능력 및 정보분석능력을 가지고 있어야 하며, 문제를 효과적으로 해결할 수 있는 분석적이고 논리적 사고능력이 필요하다. 관습형과 진취형의 흥미를 가진 사람에게 적합하며, 협조심, 분석적 사고, 스트레스를 감내할 수 있는 성격을 가진 사람들에게 유리하다.IT 제품의 기능과 성능, 활용 방법 및 제품과 관련된 정보를 수집분석하고 활용할 수 있는 능력이 필요하다. 고객의 요구를 정확하게 이해하고 분석하여 고객이 원하는 서비스와 제품을 소개할 수 있는 분석력과 판단력, 고객에 대한 서비스 정신이 요구된다. 새로운 제품 정보나 제품의 업그레이드 관련 정보를 고객에게 제공하여 고객과의 거래가 미래에도 계속해서 성립될 수 있도록 하는 고객관리능력 역시 요구된다."
바이럴ㆍSNS마케팅,9016,"책임감과 조심성이 있는 사람에게 적합하며, 혁신, 적응성 및 융통성, 분석적 사고 등의 성격을 가진 사람들에게 유리하다. 소비자가 상품을 사게끔 만드는 혁신적이고 창의적인 생각을 할 수 있는 사람에게 유리하다. 풍부한 마케팅 전공 지식과 실무 경험이 필요하다. 상품에 대한 시장분석자료를 분석하고 이를 바탕으로 시장의 미래 수요 및 소비자의 행동을 예측할 수 있는 통찰력과 판단력이 요구된다. 시장분석자료를 가지고 마케팅 전략 보고서나 기획안을 작성하고, 이를 상사나 의뢰자에게 설득시킬 수 있는 논리적인 설득력, 언어능력이 요구된다. 여러 명이 팀을 꾸려 업무를 진행하는 경우가 많기 때문에 타인을 배려할 수 있는 성품과 원만한 대인관계를 유지할 수 있는 능력을 갖추어야 한다.IT 제품의 기능과 성능, 활용 방법 및 제품과 관련된 정보를 수집분석하고 활용할 수 있는 능력이 필요하다. 고객의 요구를 정확하게 이해하고 분석하여 고객이 원하는 서비스와 제품을 소개할 수 있는 분석력과 판단력, 고객에 대한 서비스 정신이 요구된다. 새로운 제품 정보나 제품의 업그레이드 관련 정보를 고객에게 제공하여 고객과의 거래가 미래에도 계속해서 성립될 수 있도록 하는 고객관리능력 역시 요구된다."
프로그래머,9060,"창의력과 기획력이 요구되며, 새로운 정보를 수집하고 적용하는 능력과 매체를 활용하는 능력이 필요하다. 꼼꼼한 성격을 가진 사람에게 유리하며, 여러 분야의 담당자들과 의견을 조율하고 지휘할 수 있는 리더십과 통솔력이 있는 사람에게 적합하다."
HTML코딩,9061,"웹디자이너는 시각적인 편의성과 아름다움을 표현할 수 있는 디자인감각 및 색채감각과 창의성이 필요하다. 여러 사람이 함께 작업하는 경우가 많으므로 협동심과 원만한 대인관계를 유지할 수 있는 능력이 있어야 한다. 예술형과 탐구형의 흥미를 가진 사람에게 적합하며, 혁신, 적응성, 꼼꼼함 등의 성격을 가진 사람들에게 유리하다.창의력과 기획력이 요구되며, 새로운 정보를 수집하고 적용하는 능력과 매체를 활용하는 능력이 필요하다. 꼼꼼한 성격을 가진 사람에게 유리하며, 여러 분야의 담당자들과 의견을 조율하고 지휘할 수 있는 리더십과 통솔력이 있는 사람에게 적합하다."
QAㆍ테스터ㆍ검증,9063,"컴퓨터 구조와 원리에 대한 이해능력 및 높은 프로그래밍 능력이 요구된다. 사용 후 느낌과 장단점을 파악해 글을 잘 적는 기술이 필요하며, 꼼꼼한 성격에 적합하다."
시스템ㆍ네트워크ㆍ보안,9066,"네트워크엔지니어는 하드웨어뿐만 아니라 소프트웨어에 대한 응용능력이 있어야 하며, 분석적이고 논리적인 사고가 필요하다. 또 네트워크에 대한 풍부한 이론적 지식이 요구된다. 최적의 네트워크를 설계하고 문제를 해결할 수 있는 끈기가 필요하며, 설계를 의뢰한 고객과 원활한 의사소통능력이 필요하다. 탐구형과 현실형의 흥미를 가진 사람에게 적합하며, 리더십, 분석적 사고, 협조심 등의 성격을 가진 사람들에게 유리하다.논리적이고 분석적인 사고능력과 창의력이 요구되며, 컴퓨터시스템에 대한 전문적 지식과 프로그래밍 능력이 필요하다. 새로운 아이디어를 낼 수 있는 혁신적 사고능력과 기획능력이 요구된다. 응용소프트웨어개발자, 웹개발자 등과 협조하여 작업을 수행하기 때문에 원만한 인간관계능력과 의사소통능력이 요구된다. 탐구형과 진취형의 흥미를 가진 사람에게 적합하며, 분석적 사고, 책임감, 리더십, 협조심 등의 성격을 가진 사람들에게 유리하다.시스템운영관리자는 시스템에 대한 분석적 사고능력이 요구되며, 각종 컴퓨터 운영체제(OS)와 소프트웨어에 대한 기술적 지식이 필요하다. 컴퓨터 정보 시스템 및 네트워크 시스템의 전반적인 설치운영복구를 하므로 책임성과 끈기, 인내가 필요하다.정보보호전문가는 해커들의 최신 크래킹 기법과 컴퓨터 바이러스에 대한 분석적 사고 능력이 필요하며, 각종 프로그램 언어, 네트워크와 운영 체제, 데이터베이스 등 컴퓨터 시스템 전반에 걸친 해박한 지식이 요구된다. 정보보호에 대한 지식은 물론 경제와 산업에 대한 거시적 안목과 책임감과 도덕심이 필요하다."
PCㆍ디지털기기?설치ㆍ관리,9070,"컴퓨터하드웨어 기술자 및 연구원은 논리적이고 분석적 사고능력이 필요하며 창의적인 사고와 종합적인 판단력이 요구된다. 하드웨어 개발 및 제품생산 단계에서 문제가 발생하였을 때 원인을 찾아 해결하는 끈기가 필요하며, 여러 명이 팀을 이루어 제품을 개발하기 때문에 협동심과 원만한 대인관계가 요구된다."
입시ㆍ보습학원,A010,각 담당분야에서 필요로 하는 기술과 이론에 대한 지식을 가지고 있어야 한다. 교수설계능력 및 학생들의 학습동기와 성취동기를 유발시킬 수 있는 적극적 지도력이 요구된다.
외국어ㆍ어학원,A020,각 담당분야에서 필요로 하는 기술과 이론에 대한 지식을 가지고 있어야 한다. 교수설계능력 및 학생들의 학습동기와 성취동기를 유발시킬 수 있는 적극적 지도력이 요구된다.
컴퓨터ㆍ정보통신,A030,"네트워크, 컴퓨터 그래픽, 시스템 등 각 IT 담당분야에서 필요로 하는 기술과 이론에 대한 지식이 요구된다. 교수설계능력 및 학생들의 학습동기와 성취동기를 유발시킬 수 있는 적극적 지도력이 요구된다. 다양한 자료원을 통해 정보를 습득하고 자신의 업무 관련 지식과 전문 기술을 꾸준히 업데이트할 수 있는 능력이 요구된다."
요가ㆍ필라테스?강사,A033,"긍정적이며 적극적이고 명랑한 성격의 소유자에게 적합한 직업이며, 예기치 못한 안전사고가 발생했을 때 신속하고 정확하게 응급처치를 할 수 있는 능력이 요구된다. 각종 운동기구 및 안전관리에 대한 지식을 가지고 있어야 하며, 타인의 운동을 지도하는 입장이므로 리더십이 요구된다. 예술형과 현실형의 흥미를 가진 사람에게 적합하며, 자기통제 능력, 배려, 사회성 등의 성격을 가진 사람들에게 유리하다.트레이닝을 담당하고 있는 관련 종목에 대한 지식과 다양한 기술을 알고 있어야 하며, 선수를 이끌 수 있는 지도력과 통솔력, 의사소통능력이 요구된다. 선수들의 체력과 체중을 효과적으로 관리할 수 있는 다양한 운동 방법 및 스포츠와 관련된 의학 지식이 요구된다. 선수의 기량과 능력에 따라 운동량과 식이요법을 지시할 수 있는 분석력과 판단력이 요구된다. 사회형과 현실형의 흥미를 가진 사람에게 적합하다.개개인에 알맞은 식생활 프로그램의 실시 및 상담 업무를 수행하기 위해 영양 조절 및 운동방법, 행동수정요법, 심리학 등에 대한 지식과 이해가 요구된다. 1:1로 고객을 관리하고 상담하기 때문에, 원만한 대인관계 능력, 의사소통능력, 그리고 고객에 대한 서비스 정신이 요구된다."
피트니스?트레이너,A036,"긍정적이며 적극적이고 명랑한 성격의 소유자에게 적합한 직업이며, 예기치 못한 안전사고가 발생했을 때 신속하고 정확하게 응급처치를 할 수 있는 능력이 요구된다. 각종 운동기구 및 안전관리에 대한 지식을 가지고 있어야 하며, 타인의 운동을 지도하는 입장이므로 리더십이 요구된다. 예술형과 현실형의 흥미를 가진 사람에게 적합하며, 자기통제 능력, 배려, 사회성 등의 성격을 가진 사람들에게 유리하다.트레이닝을 담당하고 있는 관련 종목에 대한 지식과 다양한 기술을 알고 있어야 하며, 선수를 이끌 수 있는 지도력과 통솔력, 의사소통능력이 요구된다. 선수들의 체력과 체중을 효과적으로 관리할 수 있는 다양한 운동 방법 및 스포츠와 관련된 의학 지식이 요구된다. 선수의 기량과 능력에 따라 운동량과 식이요법을 지시할 수 있는 분석력과 판단력이 요구된다. 사회형과 현실형의 흥미를 가진 사람에게 적합하다."
레져스포츠?강사,A038,"긍정적이며 적극적이고 명랑한 성격의 소유자에게 적합한 직업이며, 예기치 못한 안전사고가 발생했을 때 신속하고 정확하게 응급처치를 할 수 있는 능력이 요구된다. 각종 운동기구 및 안전관리에 대한 지식을 가지고 있어야 하며, 타인의 운동을 지도하는 입장이므로 리더십이 요구된다. 예술형과 현실형의 흥미를 가진 사람에게 적합하며, 자기통제 능력, 배려, 사회성 등의 성격을 가진 사람들에게 유리하다."
예체능?강사,A040,"음악관련 이론과 기능(기술)에 대한 지식을 가지고 있어야 하며, 이를 잘 전달할 수 있는 능력이 필요하다. 수강생들의 능력과 흥미를 고려하여 음악 이론 및 실기를 가르칠 수 있는 적극적 지도력이 요구된다."
유아ㆍ유치원,A050,"관찰력, 통솔력, 돌발 상황에 대처할 수 있는 능력 등이 요구되며, 올바른 교육을 위해 정확한 어휘구사능력을 갖춰야 한다. 아이들의 개인별 특성을 알아야 하기 때문에 섬세한 사람에게 유리하며, 인내력과 포용력이 있어야 한다. 사회형과 예술형의 흥미를 가진 사람에게 적합하며, 남에 대한 배려, 책임감, 자기통제 능력 등을 가진 사람들에게 유리하다."
방문ㆍ학습지,A060,"영어, 수학, 과학, 한문 등 담당 과목에 대한 지식이 요구된다. 학생들의 학습동기와 성취동기를 유발시킬 수 있는 적극적 지도력과 인내심이 요구된다. 업무상 회원의 가정을 일주일에 한 번씩 방문해야 하기 때문에 체력이 좋고 신체적으로 건강해야 한다. 탐구형과 관습형의 흥미를 가진 사람에게 적합하며, 자기통제 능력, 책임감, 진취 등의 성격을 가진 사람들에게 유리하다."
보조교사,A070,"일반아동 및 특수아동의 신체발달, 심리와 생동, 부모교육 등에 대한 지식과 더불어 돌발 상황에 대한 신속한 판단 능력과 대처 능력이 필요하다. 정확한 언어 구사 능력과 바른 행동을 갖추어야 한다. 교육자로서 사명감과 아이들을 아끼고 사랑하는 마음은 물론, 책임감과 성실, 끈기 등을 갖추어야 한다. 사회형과 관습형의 흥미를 가진 사람에게 적합하며, 자기통제, 정직성, 사회성, 남에 대한 배려 등의 성격을 가진 사람들에게 유리하다.특수교사는 교사로서의 자질과 어떤 상황에서도 침착하게 문제를 해결할 수 있는 문제해결능력, 자기통제능력, 학습전달능력이 요구된다. 장애인에 대한 남다른 애정과 희생, 봉사정신이 있는 사람에게 적합하며 꾸준한 노력과 인내심이 요구된다. 사회형과 탐구형의 흥미를 가진 사람에게 적합하며, 남에 대한 배려, 독립성, 혁신, 인내 등의 성격을 가진 사람들에게 유리하다."
자격증ㆍ기술학원,A080,각 담당분야에서 필요로 하는 기술과 이론에 대한 지식을 가지고 있어야 한다. 교수설계능력 및 학생들의 학습동기와 성취동기를 유발시킬 수 있는 적극적 지도력이 요구된다.
국비교육기관,A090,각 담당분야에서 필요로 하는 기술과 이론에 대한 지식을 가지고 있어야 한다. 교수설계능력 및 학생들의 학습동기와 성취동기를 유발시킬 수 있는 적극적 지도력이 요구된다.
교육ㆍ강사?기타,A990,"자연계중등학교교사는 교육과 학생에 대한 통제력, 리더십, 판단력, 분석적사고 능력이 필요하며 원만한 수업진행을 위한 정확한 언어 구사 능력이 필요하다. 학생들을 가르치고 지도하는 것이 가장 중요한 업무이므로 교육자로서 투철한 사명의식과 책임감이 필요하며, 교육과 학생에 대한 열정과 애정이 요구된다.각 과목에 대한 지식과 전달능력이 있어야 하며 정확한 언어구사능력이 필요하다. 교육자로서의 사명감과 책임감, 도덕성이 요구되며 어떤 상황에서도 냉정함을 잃지 않는 침착함과 원만한 성격, 학생들에 대한 이해와 사랑이 있어야 한다. 사회형과 탐구형의 흥미를 가진 사람에게 적합하며, 남에 대한 배려, 독립성, 리더십 등의 성격을 가진 사람들에게 유리하다.인문사회계열교수는 명확한 학습 내용을 전달하기 위한 논리적인 언어 구사 능력과 글쓰기 능력이 요구되며 외국어에 대한 지식이 필요하다. 자신의 전공분야에 대한 끊임없는 연구와 개발을 추구해야 하며, 교육자로서 바른 언행이 요구된다. 탐구형과 진취형의 흥미를 가진 사람에게 적합하며, 분석적 사고, 신뢰성, 혁신 등의 성격을 가진 사람들에게 유리하다.인문계중등학교교사는 교육과 학생에 대한 통제력, 리더십, 판단력, 분석적사고 능력이 필요하며 원만한 수업진행을 위한 정확한 언어 구사 능력이 필요하다. 학생들을 가르치고 지도하는 것이 가장 중요한 업무이므로 교육자로서 투철한 사명의식과 책임감이 필요하며, 교육과 학생에 대한 열정과 애정이 요구된다."
웹ㆍ모바일디자인,B010,"웹디자이너는 시각적인 편의성과 아름다움을 표현할 수 있는 디자인감각 및 색채감각과 창의성이 필요하다. 여러 사람이 함께 작업하는 경우가 많으므로 협동심과 원만한 대인관계를 유지할 수 있는 능력이 있어야 한다. 예술형과 탐구형의 흥미를 가진 사람에게 적합하며, 혁신, 적응성, 꼼꼼함 등의 성격을 가진 사람들에게 유리하다."
그래픽ㆍ편집디자인,B020,"색채 감각과 조형 감각 및 세심함과 꼼꼼함 등이 요구되며, 컴퓨터 멀티미디어 프로그램을 원활하게 활용할 수 있는 능력 역시 필요하다. 디자인 의뢰를 받은 상품과 상품의 기능, 시장과 소비자의 취향 등을 파악하고 분석하여 디자인에 잘 적용할 수 있는 독창성과 능력을 가지고 있어야 한다.필름 예술의 최종 창조과정을 담당하는 편집기사가 되기 위해서는 전체적인 극구성과 등장인물간의 균형을 이해하고, 이에 따라 편집을 진행할 수 있는 감각과 판단력, 세심함, 꼼꼼함 등이 요구된다. 편집기술에 대한 지식 외에도 음향, 미술, 연출, 촬영, 조명 등 영화 및 드라마 제작 전반에 대한 이해와 지식이 요구된다. 작업시간이 일정하지 않고 야간작업이 많으므로, 신체적으로 건강해야 한다. 예술형과 탐구형의 흥미를 가진 사람에게 유리하다."
제품ㆍ산업디자인,B030,"시각 디자이너는 다양한 정보를 소비자가 이해하기 쉬운 형태로 디자인하는 작업을 담당하므로 분석적 사고와 새로움을 추구하려는 혁신성, 색채 감각 및 조형 감각 등을 갖추고 있어야 한다. 디자인, 예술 등에 대한 지식은 물론 마케팅과 제품 제조 등에 대한 지식과 컴퓨터 멀티미디어 프로그램을 원활하게 다룰 수 있는 능력이 요구된다. 팀원이나 디자인을 의뢰한 고객들과 원활한 인간관계를 유지할 수 있는 능력이 필요하다.제품디자이너는 조형미와 미적 감각, 창의성 등은 물론 빠르게 변화하는 소비자의 취향과 심리를 잘 파악할 수 있는 마케팅감각과 상업적인 아이디어가 있어야 한다. 표현력이 뛰어나고 섬세한 성격을 가진 사람에게 유리하며, 여러 명이 같이 작업하는 경우가 많으므로 팀워크를 잘 이룰 수 있는 성격이 요구된다. 기획, 디자인 개발, 마케팅 등 제품 전과정에 대한 이해가 필요하다. 혁신, 성취 등의 성격을 가진 사람들에게 유리하며 탐구형과 예술형의 흥미를 가진 사람에게 적합하다."
CADㆍCAMㆍ인테리어디자인,B040,"창의적인 사고와 미적 감각, 색채 감각, 공간 지각력, 사물에 대한 관찰력이 있어야 한다. 초과근무를 할 때도 많기 때문에 강한 체력이 요구되며, 팀을 조직하고 관리할 수 있는 리더십이 필요하다. 여러 분야의 전문가들과 공동 작업하고 의견조율을 해야 하기 때문에 원활한 인간관계를 유지할 수 있어야 한다. 예술형과 진취형의 흥미를 가진 사람에게 적합하며, 책임감, 꼼꼼함, 신뢰성 등의 성격을 가진 사람들에게 유리하다.캐드원은 건축, 기계, 가구 등 다양한 분야에서 활동하기 때문에 적응성과 융통성이 필요하며, 기술설계능력, 창의력, 미적 감각 등이 있어야 한다. 꼼꼼한 성격을 가진 사람에게 유리하며, 여러 사람이 분담 작업하는 경우도 많기 때문에 원활한 인간관계와 협동심이 있어야 한다. 관습형과 예술형의 흥미를 가진 사람에게 적합하며, 꼼꼼함, 혁신, 책임감 등의 성격을 가진 사람들에게 유리하다."
캐릭터ㆍ애니메이션디자인,B050,"감수성과 상상력이 풍부하며, 탐구심이 있으면 좋다. 만화책을 읽거나 만화영화를 보는 것을 즐기며, 직접 만화를 그리는 데 소질이 있으면 유리하다. 만화속의 이야기를 짜임새 있게 전달할 수 있도록 하는 풍부한 상상력, 감수성, 창의력, 문장력 등이 필요하다. 포토샵, 일러스트, 플래시, 마야, 맥스, 그래픽과 같은 컴퓨터 프로그램을 잘 조작할 수 있어야 한다. 사람이나 동물의 움직임을 잘 포착하며, 생생히 묘사할 수 있어야 한다. 독립적인 성격을 갖추면 좋으며, 다소 꼼꼼해야 한다. 정치풍자 만화가의 경우 평소에 정치 및 사회문제에 많은 관심을 기울여야 하며, 한정된 지면에 함축적으로 풍자내용을 담을 수 있는 통찰력이 필요하다.만화를 좋아해야 하고 그림의 소질이 있어야 함은 물론이며, 이야기를 짜임새 있게 전개해나갈 수 있는 풍부한 상상력과 감수성, 창의성, 문장력 등이 요구된다. 애니메이터가 되기 위해서는 만화 전반에 대한 이해와 포토샵, 일러스트, 플래시, 마야, 맥스, 그래픽과 같은 컴퓨터 프로그램을 조작할 수 있는 능력이 요구된다. 애니메이션은 연속적인 움직임을 그려내야 하기 때문에 사람이나 동물 등의 동작을 세밀히 관찰하고 묘사할 수 있어야 한다.색채 감각과 조형 감각 및 세심함과 꼼꼼함 등이 요구되며, 컴퓨터 멀티미디어 프로그램을 원활하게 활용할 수 있는 능력 역시 필요하다. 일러스트를 담당한 상품과 상품의 기능, 시장과 소비자의 취향 등을 파악ㆍ분석하여 일러스트레이션에 잘 적용할 수 있는 독창성과 능력이 요구된다. 일러스트를 의뢰한 고객을 설득하고 자신의 일러스트레이션에 대한 비전을 이해시킬 수 있는 의사소통능력 등이 요구된다. 예술형과 탐구형의 흥미를 가진 사람에게 적합하다.사물에 대한 주의 깊은 관찰력과 데생능력 등 기본적 미적 감각을 가지고 독창적이면서도 개성이 살아있는 캐릭터를 창조할 수 있는 능력 즉, 창의성, 상상력, 기발한 발상 등이 요구된다. 컴퓨터 그래픽에 대한 지식을 가지고 있어야 하며, 까다로운 신세대의 취향이나 변화하는 사회의 트렌드를 재빠르게 파악하고 새로운 캐릭터의 창조에 반영할 수 있는 능력이 요구된다. 예술형과 탐구형의 흥미를 가진 사람에게 적합하며, 혁신, 꼼꼼함, 성취 등의 성격을 가진 사람들에게 유리하다"
패션ㆍ잡화디자인,B060,"창의성과 색채감각, 조형미, 미적 감각, 유행 감각 등을 갖추고 있어야 한다. 디자인, 의복에 대한 지식 뿐 아니라 사회학, 심리학에 대한 기본 지식이 필요하다. 함께 작업하는 경우가 많기 때문에 협동하는 마음자세가 필요하며 강한 체력과 인내심 등이 요구된다. 예술형과 탐구형의 흥미를 가진 사람에게 적합하며, 적응성, 혁신, 인내심 등의 성격을 가진 사람들에게 유리하다.각종 보석의 특징과 성질에 대한 지식과 이해뿐 아니라 끊임없이 변화하는 대중의 취향과 보석 악세서리의 유행을 파악할 수 있는 시장 조사 능력과 감각을 가지고 있어야 한다. 최근 보석 렌더링의 작업이 주로 컴퓨터를 활용하여 이루어지고 있어 어느 정도의 컴퓨터 활용능력과 장시간의 렌더링 작업을 견디어낼 수 있는 집중력, 인내심, 끈기 등이 요구된다. 사물을 아름답게 꾸미거나 장식하는 것을 좋아하고, 기존에 있는 것 보다 자신이 창의적으로 무엇을 만드는 것을 좋아하는 사람에게 유리합니다. 호기심을 가지고 관찰하는 것에 흥미를 가지고 있거나, 사소한 부분도 세심하고 섬세하게 살필 수 있는 꼼꼼한 성격을 가진 사람에게 적합합니다. 정밀한 작업을 통해 정교하게 보석을 손으로 작업을 해야 하는 경우가 많기 때문에 고도의 집중력이 있어야하고 끈기와 인내심을 필요로 합니다. 다양한 기계를 다루어야하기 때문에 기계를 능숙하게 다룰 수 있고, 작업 특성상 색을 구별할 수 있어야하며 손으로 하는 세부적인 작업을 수행할 수 있는 건강한 신체조건을 가지고 있어야 합니다. 디자인에 대한 관심과 지식이 풍부해야 하며, 자신만의 방식으로 제품을 만들 수 있는 창의력과, 표현력 및 예술적 감각과 미적능력을 가지고 있으면 유리합니다."
디자인 기타,B990,"디자인, 예술 등에 대한 지식은 물론 마케팅과 제품 제조 등에 대한 지식이 요구되며, 컴퓨터 멀티미디어 프로그램을 원활하게 다룰 수 있는 능력과 창의성, 미적 감각 등을 가지고 있어야 한다. 팀원이나 디자인을 의뢰한 고객들과 원활한 인간관계를 유지할 수 있는 능력이 필요하다. 광고를 담당한 상품과 상품의 기능, 시장과 소비자의 취향, 광고업계의 트렌드 등을 잘 파악하고 분석할 수 있는 능력이 요구된다. 탐구형과 진취형의 흥미를 가진 사람에게 적합하다."
미디어 전체,C000,"신속한 상황판단 능력과 순발력, 운동신경 및 위기대처능력이 요구된다. 춤, 스케이팅, 승마, 무술 등의 전문적 기술과 연기능력을 갖추고 있어야 한다. 예술형과 진취형의 흥미를 가진 사람에게 적합하며, 협조심, 적응력, 신뢰성 등의 성격을 가진 사람들에게 유리하다.연기자는 배역에 대한 분석력, 창의력, 연기력이 필요하며, 다양한 배역을 소화해 내기위해 음악, 무용, 미술은 물론 풍부한 예술적 지식이 필요하다. 다른 연기자와의 원활한 대인관계가 필요하며, 자신의 연기를 지속적으로 모니터링 하므로써 다양한 배역을 소화할 수 있는 능력이 필요하다.다양한 장르의 춤에 대한 기초 지식과 안무 소화능력이 있어야 하며, 춤을 잘 출 수 있어야 한다. 겉으로 보이는 화려함과 달리, 백댄서는 하루 8시간 이상의 춤 연습을 해야 하는 등의 어려움이 있으므로 이러한 것들을 견디어낼 수 있는 철저한 프로의식과 인내심, 춤에 대한 열정이 요구된다. 예술형과 탐구형의 흥미를 가진 사람에게 적합하며, 독립성, 성취욕, 남에 대한 배려 등의 성격을 가진 사람들에게 유리하다.방송연출가(프로듀서)는 창의력과 독창적인 아이디어가 있어야 하며 많은 사람들을 지휘할 수 있는 통솔력과 위기 대처 능력이 있어야 한다. 다양한 정보에 대해 폭넓게 수용하는 태도가 필요하며 신체적인 건강과 원만한 대인관계가 요구된다. 진취형과 예술형의 흥미를 가진 사람에게 적합하며, 리더십, 적응성, 책임감 등의 성격을 가진 사람들에게 유리하다.미적 감각, 인테리어 감각, 공간 지각력 등이 필요하며 무대 종사자들을 총괄하여 지휘할 수 있는 통솔력과 리더십이 요구된다. 돌발적으로 발생할 수 있는 무대 위의 안전 문제에 대해 빠르고 신속하게 대응할 수 있는 대처능력과 정확한 판단력이 요구된다. 감독, 스태프, 출연자 등 많은 사람들을 대하기 때문에 원만한 대인관계능력과 의사소통능력이 요구된다.방송연출가(프로듀서)는 창의력과 독창적인 아이디어가 있어야 하며 많은 사람들을 지휘할 수 있는 통솔력과 위기 대처 능력이 있어야 한다. 다양한 정보에 대해 폭넓게 수용하는 태도가 필요하며 신체적인 건강과 원만한 대인관계가 요구된다. 진취형과 예술형의 흥미를 가진 사람에게 적합하며, 리더십, 적응성, 책임감 등의 성격을 가진 사람들에게 유리하다.미적 감각, 인테리어 감각, 공간 지각력 등이 필요하며 무대 종사자들을 총괄하여 지휘할 수 있는 통솔력과 리더십이 요구된다. 돌발적으로 발생할 수 있는 무대 위의 안전 문제에 대해 빠르고 신속하게 대응할 수 있는 대처능력과 정확한 판단력이 요구된다. 감독, 스태프, 출연자 등 많은 사람들을 대하기 때문에 원만한 대인관계능력과 의사소통능력이 요구된다.촬영기사는 영상에 대한 감각이 요구되며, 장비를 조작하고 활용할 수 있는 숙련 기술과 새로운 장비나 기술에 대한 지식이 있어야 한다. 여러 스텝들과의 호흡이 중요하기 때문에 원활한 인간관계를 형성할 수 있어야 하며, 무거운 방송장비를 취급해야 하므로 체력적으로도 튼튼해야 한다. 예술형과 사회형의 흥미를 가진 사람에게 적합하며, 혁신, 사회성, 리더십, 적응력 등의 성격을 가진 사람들에게 유리하다.독자적으로 모든 방송 보도 자료의 관련된 제작 작업을 수행해야 하므로 무엇보다 신체적으로 건강해야 한다. 방송물의 제작에는 오랜 시간과 노력이 필요하므로 인내력과 끈기, 자신의 활동에 대한 프로근성이 요구된다. 다양한 부류의 사람들과 교류하고, 그들의 사건과 이야기를 취재해야하므로 원만한 대인관계능력과 의사소통능력이 요구된다.카메라 작동 방법과 사진촬영기법, 사진현상 등에 대한 지식과 활용능력이 요구된다. 중요한 순간을 잘 포착하여 촬영할 수 있는 순발력이 필요하며, 기본적인 예술지식과 예술적 감각을 가지고 있어야 한다.카메라 작동 방법과 사진촬영기법, 사진현상 등에 대한 지식과 활용능력이 요구된다. 사건이나 사고의 중요한 순간을 잘 포착하여 촬영할 수 있는 순발력이 요구된다. 예술형과 탐구형의 흥미를 가진 사람에게 적합하며, 사회성, 혁신, 성취 등의 성격을 가진 사람들에게 유리하다. 주인공이 걷는 소리, 때리는 소리, 움직일 때의 옷깃소리 등 있을 법하지만 실제로는 마이크에 잘 잡히지 않는 소리들에 세심한 주의를 기울일 수 있는 청각 등 음향과 소리에 대한 감각이 요구된다. 음향 장비들을 설치하고 조작, 통제할 수 있는 능력과 이러한 장비를 잘 보관하고 유지할 수 있는 능력 또한 요구된다. 끊임없이 발전하는 기술변화에 민감하게 대처하여, 새로운 기술을 배우고 습득하려는 자세가 요구된다.무대 및 제작환경 변화에 따 른순발력과 판단력이 필요하며, 예술적인 감각과 창의성이 요구된다. 연출자를 비롯해 여러 스텝들과의 호흡이 중요하기 때문에 원활한 인간관계를 형성할 줄 알아야 하며 무거운 방송장비를 취급해야 하므로 체력적으로도 튼튼해야 한다. 예술형과 탐구형의 흥미를 가진 사람에게 적합하며, 적응력, 협조심, 리더십, 사회성 등의 성격을 가진 사람들에게 유리하다. 가수는 뛰어난 노래실력과 청력이 필요하며, 새로운 음악과 다양한 모습을 보여주기 위해서 창의력을 갖추어야 한다. 끼가 필요하고 많은 사람들 앞에서 노래를 부르고 춤을 출 수 있는 적극적이고 활발한 성격을 가진 사람에게 적합하며, 인내와 끈기가 있어야 한다. 예술형과 사회형의 흥미를 가진 사람에게 적합하며, 정직, 인내심, 신뢰성, 책임감 등의 성격을 가진 사람들에게 유리하다.신속한 상황판단능력과 재치를 가지고 사람들을 재미있게 웃길 수 있는 능력이 요구된다. 새로운 개그 또는 희극 아이디어를 창출해낼 수 있는 창의성이 요구되며, 매일 새로운 아이디어를 도출해내야 한다는 스트레스를 잘 견디어낼 수 있는 성격의 소유자가 적합하다. 무엇보다 사람들에게 웃음을 선사하는 일에 적성과 소질이 있어야 하며, 끊임없는 자기 변신의 노력과 연기에 대한 열정이 요구된다. 예술형과 진취형의 흥미를 가진 사람에게 적합하다. 편집에 대한 일정 기간의 업무 경력과 윤문 및 교열 작업에 대한 기본적 지식 또한 필요하다. 원고의 사소한 부분까지도 주의 깊게 살펴 교정 업무를 수행할 수 있는 꼼꼼함과 성실함이 요구된다. 작가에 대한 세심한 관찰과 통찰을 통해 작가의 관심사가 무엇인지, 그리고 그 작가와 가장 잘 어울릴 수 있는 책의 편집 방향이 무엇인지를 파악해낼 수 있는 능력이 요구된다. 컴퓨터 및 편집프로그램 운영능력, 편집에 대한 원리 및 기술의 이해가 필요하다출판물 제작에 대한 지식을 가지고 있어야 하며, 출판 영업 및 광고에 대한 실무 지식과 감각 등이 요구된다. 출판 시장의 흐름을 읽고 독자의 요구를 재빠르고 정확하게 파악할 수 있는 순발력과 분석력이 요구된다. 출판물의 기획과 제작 업무가 원활하게 진행될 수 있도록 출판물과 관련된 조직의 내ㆍ외부 사람들을 지휘할 수 있는 리더십과 설득력, 의사소통능력, 추진력이 요구된다. 예술형과 탐구형의 흥미를 가진 사람에게 적합하다. 리포터는 표준어와 바른 우리말을 구사할 수 있는 능력이 요구되며, 방송에 출연하기 때문에 시청자에게 호감과 신뢰감을 줄 수 있는 외모를 가꾸어야 한다. 사건취재나 방송출연 시 발생할 수 있는 돌발 상황에 대한 대처능력이 요구되며, 깊이 있는 내용의 전달을 위해 사회, 문화 등 다방면에 대한 지식과 관심을 가지고 있어야 한다. 예술형과 탐구형의 흥미를 가진 사람에게 적합하며, 사회성, 책임감, 인내심 등의 성격을 가진 사람들에게 유리하다.기계를 조작하는 등의 체계적인 활동을 선호하면서도 예술적인 창조물을 만드는 데에 관심이 있다면 영상·녹화 및 편집기사에 도전해볼만하다. 평소 주변 현상들이나 대상에 대해 호기심을 가지고 관찰하는 것을 즐기는 탐구형이라면 좋다. 영상·녹화 및 편집기사는 독립적인 성격을 가진 사람, 꼼꼼하여 평소 타인으로부터 신뢰받는 사람들에게 유리한 직업이다. 편집을 하기 위해 전체적인 극구성과 등장인물간의 균형을 이해하고, 이에 따라 작업을 진행할 수 있는 감각적인 재능과 판단력, 세심함 등도 요구된다. 이들은 작업시간이 일정하지 않고 야간작업이 많으므로 강인한 체력이 필수다. 녹화, 편집기술에 대한 지식 외에도 음향, 미술, 연출, 촬영, 조명 등 영화 및 드라마 제작 전반에 대한 이해와 지식이 요구된다."
보조출연ㆍ방청,C010,"신속한 상황판단 능력과 순발력, 운동신경 및 위기대처능력이 요구된다. 춤, 스케이팅, 승마, 무술 등의 전문적 기술과 연기능력을 갖추고 있어야 한다. 예술형과 진취형의 흥미를 가진 사람에게 적합하며, 협조심, 적응력, 신뢰성 등의 성격을 가진 사람들에게 유리하다.연기자는 배역에 대한 분석력, 창의력, 연기력이 필요하며, 다양한 배역을 소화해 내기위해 음악, 무용, 미술은 물론 풍부한 예술적 지식이 필요하다. 다른 연기자와의 원활한 대인관계가 필요하며, 자신의 연기를 지속적으로 모니터링 하므로써 다양한 배역을 소화할 수 있는 능력이 필요하다.다양한 장르의 춤에 대한 기초 지식과 안무 소화능력이 있어야 하며, 춤을 잘 출 수 있어야 한다. 겉으로 보이는 화려함과 달리, 백댄서는 하루 8시간 이상의 춤 연습을 해야 하는 등의 어려움이 있으므로 이러한 것들을 견디어낼 수 있는 철저한 프로의식과 인내심, 춤에 대한 열정이 요구된다. 예술형과 탐구형의 흥미를 가진 사람에게 적합하며, 독립성, 성취욕, 남에 대한 배려 등의 성격을 가진 사람들에게 유리하다.방송연출가(프로듀서)는 창의력과 독창적인 아이디어가 있어야 하며 많은 사람들을 지휘할 수 있는 통솔력과 위기 대처 능력이 있어야 한다. 다양한 정보에 대해 폭넓게 수용하는 태도가 필요하며 신체적인 건강과 원만한 대인관계가 요구된다. 진취형과 예술형의 흥미를 가진 사람에게 적합하며, 리더십, 적응성, 책임감 등의 성격을 가진 사람들에게 유리하다.미적 감각, 인테리어 감각, 공간 지각력 등이 필요하며 무대 종사자들을 총괄하여 지휘할 수 있는 통솔력과 리더십이 요구된다. 돌발적으로 발생할 수 있는 무대 위의 안전 문제에 대해 빠르고 신속하게 대응할 수 있는 대처능력과 정확한 판단력이 요구된다. 감독, 스태프, 출연자 등 많은 사람들을 대하기 때문에 원만한 대인관계능력과 의사소통능력이 요구된다."
방송스텝ㆍ촬영보조,C020,"방송연출가(프로듀서)는 창의력과 독창적인 아이디어가 있어야 하며 많은 사람들을 지휘할 수 있는 통솔력과 위기 대처 능력이 있어야 한다. 다양한 정보에 대해 폭넓게 수용하는 태도가 필요하며 신체적인 건강과 원만한 대인관계가 요구된다. 진취형과 예술형의 흥미를 가진 사람에게 적합하며, 리더십, 적응성, 책임감 등의 성격을 가진 사람들에게 유리하다.미적 감각, 인테리어 감각, 공간 지각력 등이 필요하며 무대 종사자들을 총괄하여 지휘할 수 있는 통솔력과 리더십이 요구된다. 돌발적으로 발생할 수 있는 무대 위의 안전 문제에 대해 빠르고 신속하게 대응할 수 있는 대처능력과 정확한 판단력이 요구된다. 감독, 스태프, 출연자 등 많은 사람들을 대하기 때문에 원만한 대인관계능력과 의사소통능력이 요구된다."
동영상촬영ㆍ편집,C030,"촬영기사는 영상에 대한 감각이 요구되며, 장비를 조작하고 활용할 수 있는 숙련 기술과 새로운 장비나 기술에 대한 지식이 있어야 한다. 여러 스텝들과의 호흡이 중요하기 때문에 원활한 인간관계를 형성할 수 있어야 하며, 무거운 방송장비를 취급해야 하므로 체력적으로도 튼튼해야 한다. 예술형과 사회형의 흥미를 가진 사람에게 적합하며, 혁신, 사회성, 리더십, 적응력 등의 성격을 가진 사람들에게 유리하다.독자적으로 모든 방송 보도 자료의 관련된 제작 작업을 수행해야 하므로 무엇보다 신체적으로 건강해야 한다. 방송물의 제작에는 오랜 시간과 노력이 필요하므로 인내력과 끈기, 자신의 활동에 대한 프로근성이 요구된다. 다양한 부류의 사람들과 교류하고, 그들의 사건과 이야기를 취재해야하므로 원만한 대인관계능력과 의사소통능력이 요구된다."
사진촬영ㆍ편집,C035,"촬영기사는 영상에 대한 감각이 요구되며, 장비를 조작하고 활용할 수 있는 숙련 기술과 새로운 장비나 기술에 대한 지식이 있어야 한다. 여러 스텝들과의 호흡이 중요하기 때문에 원활한 인간관계를 형성할 수 있어야 하며, 무거운 방송장비를 취급해야 하므로 체력적으로도 튼튼해야 한다. 예술형과 사회형의 흥미를 가진 사람에게 적합하며, 혁신, 사회성, 리더십, 적응력 등의 성격을 가진 사람들에게 유리하다.카메라 작동 방법과 사진촬영기법, 사진현상 등에 대한 지식과 활용능력이 요구된다. 중요한 순간을 잘 포착하여 촬영할 수 있는 순발력이 필요하며, 기본적인 예술지식과 예술적 감각을 가지고 있어야 한다.카메라 작동 방법과 사진촬영기법, 사진현상 등에 대한 지식과 활용능력이 요구된다. 사건이나 사고의 중요한 순간을 잘 포착하여 촬영할 수 있는 순발력이 요구된다. 예술형과 탐구형의 흥미를 가진 사람에게 적합하며, 사회성, 혁신, 성취 등의 성격을 가진 사람들에게 유리하다."
조명ㆍ음향,C040,"주인공이 걷는 소리, 때리는 소리, 움직일 때의 옷깃소리 등 있을 법하지만 실제로는 마이크에 잘 잡히지 않는 소리들에 세심한 주의를 기울일 수 있는 청각 등 음향과 소리에 대한 감각이 요구된다. 음향 장비들을 설치하고 조작, 통제할 수 있는 능력과 이러한 장비를 잘 보관하고 유지할 수 있는 능력 또한 요구된다. 끊임없이 발전하는 기술변화에 민감하게 대처하여, 새로운 기술을 배우고 습득하려는 자세가 요구된다.무대 및 제작환경 변화에 따 른순발력과 판단력이 필요하며, 예술적인 감각과 창의성이 요구된다. 연출자를 비롯해 여러 스텝들과의 호흡이 중요하기 때문에 원활한 인간관계를 형성할 줄 알아야 하며 무거운 방송장비를 취급해야 하므로 체력적으로도 튼튼해야 한다. 예술형과 탐구형의 흥미를 가진 사람에게 적합하며, 적응력, 협조심, 리더십, 사회성 등의 성격을 가진 사람들에게 유리하다."
방송사ㆍ프로덕션,C050,"가수는 뛰어난 노래실력과 청력이 필요하며, 새로운 음악과 다양한 모습을 보여주기 위해서 창의력을 갖추어야 한다. 끼가 필요하고 많은 사람들 앞에서 노래를 부르고 춤을 출 수 있는 적극적이고 활발한 성격을 가진 사람에게 적합하며, 인내와 끈기가 있어야 한다. 예술형과 사회형의 흥미를 가진 사람에게 적합하며, 정직, 인내심, 신뢰성, 책임감 등의 성격을 가진 사람들에게 유리하다.신속한 상황판단능력과 재치를 가지고 사람들을 재미있게 웃길 수 있는 능력이 요구된다. 새로운 개그 또는 희극 아이디어를 창출해낼 수 있는 창의성이 요구되며, 매일 새로운 아이디어를 도출해내야 한다는 스트레스를 잘 견디어낼 수 있는 성격의 소유자가 적합하다. 무엇보다 사람들에게 웃음을 선사하는 일에 적성과 소질이 있어야 하며, 끊임없는 자기 변신의 노력과 연기에 대한 열정이 요구된다. 예술형과 진취형의 흥미를 가진 사람에게 적합하다."
신문ㆍ잡지ㆍ출판,C060,"편집에 대한 일정 기간의 업무 경력과 윤문 및 교열 작업에 대한 기본적 지식 또한 필요하다. 원고의 사소한 부분까지도 주의 깊게 살펴 교정 업무를 수행할 수 있는 꼼꼼함과 성실함이 요구된다. 작가에 대한 세심한 관찰과 통찰을 통해 작가의 관심사가 무엇인지, 그리고 그 작가와 가장 잘 어울릴 수 있는 책의 편집 방향이 무엇인지를 파악해낼 수 있는 능력이 요구된다. 컴퓨터 및 편집프로그램 운영능력, 편집에 대한 원리 및 기술의 이해가 필요하다출판물 제작에 대한 지식을 가지고 있어야 하며, 출판 영업 및 광고에 대한 실무 지식과 감각 등이 요구된다. 출판 시장의 흐름을 읽고 독자의 요구를 재빠르고 정확하게 파악할 수 있는 순발력과 분석력이 요구된다. 출판물의 기획과 제작 업무가 원활하게 진행될 수 있도록 출판물과 관련된 조직의 내ㆍ외부 사람들을 지휘할 수 있는 리더십과 설득력, 의사소통능력, 추진력이 요구된다. 예술형과 탐구형의 흥미를 가진 사람에게 적합하다."
미디어 기타,C990,"리포터는 표준어와 바른 우리말을 구사할 수 있는 능력이 요구되며, 방송에 출연하기 때문에 시청자에게 호감과 신뢰감을 줄 수 있는 외모를 가꾸어야 한다. 사건취재나 방송출연 시 발생할 수 있는 돌발 상황에 대한 대처능력이 요구되며, 깊이 있는 내용의 전달을 위해 사회, 문화 등 다방면에 대한 지식과 관심을 가지고 있어야 한다. 예술형과 탐구형의 흥미를 가진 사람에게 적합하며, 사회성, 책임감, 인내심 등의 성격을 가진 사람들에게 유리하다.기계를 조작하는 등의 체계적인 활동을 선호하면서도 예술적인 창조물을 만드는 데에 관심이 있다면 영상·녹화 및 편집기사에 도전해볼만하다. 평소 주변 현상들이나 대상에 대해 호기심을 가지고 관찰하는 것을 즐기는 탐구형이라면 좋다. 영상·녹화 및 편집기사는 독립적인 성격을 가진 사람, 꼼꼼하여 평소 타인으로부터 신뢰받는 사람들에게 유리한 직업이다. 편집을 하기 위해 전체적인 극구성과 등장인물간의 균형을 이해하고, 이에 따라 작업을 진행할 수 있는 감각적인 재능과 판단력, 세심함 등도 요구된다. 이들은 작업시간이 일정하지 않고 야간작업이 많으므로 강인한 체력이 필수다. 녹화, 편집기술에 대한 지식 외에도 음향, 미술, 연출, 촬영, 조명 등 영화 및 드라마 제작 전반에 대한 이해와 지식이 요구된다."
운송ㆍ이사,D010,"트럭의 구조, 성능, 교통법규, 도로 및 주요건물의 위치 등에 대한 지식을 가지고 있어야 하며, 돌발적으로 발생할 수 있는 교통 상황에 신속하게 대처할 수 있는 능력이 요구된다. 화물을 안전하고 신속하게 운송하겠다는 책임감을 가지고 있어야 하며, 교통 법규를 준수하는 도덕성이 요구된다.공간 판단력, 손발의 협응능력 및 손재능이 요구된다. 자동차의 구조와 성능, 교통법규, 도로 및 주요건물의 위치 등을 이해하고 운전상황에 적용 할 수 있는 능력을 갖추어야 하며 건강한 체력도 필요하다. 진취형과 관습형의 흥미를 가진 사람에게 적합하며, 인내심, 적응성 및 융통성, 사회성 등의 성격을 가진 사람들에게 유리하다."
대리운전ㆍ일반운전,D020,"손님을 목적지까지 안전하고 신속하게 운송하겠다는 서비스 정신과 돌발적으로 발생할 수 있는 교통 상황에 신속하고 민첩하게 대처할 수 있는 능력이 요구된다. 운행을 담당하는 지역에 대한 지리적 지식, 운행하는 차량 및 차량 정비에 대한 지식과 이해가 요구된다. 사회형과 현실형의 흥미를 가진 사람에게 적합하며, 독립심, 정직, 리더십 등의 성격을 가진 사람들에게 유리하다."
택시ㆍ버스운전,D030,"손님을 목적지까지 안전하고 신속하게 운송하겠다는 서비스 정신과 돌발적으로 발생할 수 있는 교통 상황에 신속하고 민첩하게 대처할 수 있는 능력이 요구된다. 운행을 담당하는 지역에 대한 지리적 지식, 운행하는 차량 및 차량 정비에 대한 지식과 이해가 요구된다. 사회형과 현실형의 흥미를 가진 사람에게 적합하며, 독립심, 정직, 리더십 등의 성격을 가진 사람들에게 유리하다.손님을 목적지까지 안전하고 신속하게 운송하겠다는 서비스 정신과 돌발적으로 발생할 수 있는 교통 상황에 신속하게 대처할 수 있는 능력이 요구된다. 운행을 담당하는 노선에 대한 지리적 지식, 운행하는 차량 및 차량 정비에 대한 지식과 이해가 요구된다. 현실형과 탐구형의 흥미를 가진 사람에게 적합하며, 남에 대한 배려, 정직, 신뢰, 적응력 등의 성격을 가진 사람들에게 유리하다."
수행기사,D040,"손님을 목적지까지 안전하고 신속하게 운송하겠다는 서비스 정신과 돌발적으로 발생할 수 있는 교통 상황에 신속하고 민첩하게 대처할 수 있는 능력이 요구된다. 운행을 담당하는 지역에 대한 지리적 지식, 운행하는 차량 및 차량 정비에 대한 지식과 이해가 요구된다. 사회형과 현실형의 흥미를 가진 사람에게 적합하며, 독립심, 정직, 리더십 등의 성격을 가진 사람들에게 유리하다.사무절차를 이해하고 적용할 수 있는 학습능력과 뛰어난 기억력, 정확한 의사전달능력 등이 필요하다. 컴퓨터 활용 능력과 외국어 구사 능력도 있어야 한다. 상사 및 업무와 관련된 사항을 절대 외부에 유출해서는 안 되므로 철저한 직업정신, 책임감이 요구된다. 타인에 대한 배려, 신뢰감을 줄 수 있는 태도를 갖추어야 한다."
화물ㆍ중장비ㆍ특수차,D050,"트럭의 구조, 성능, 교통법규, 도로 및 주요건물의 위치 등에 대한 지식을 가지고 있어야 하며, 돌발적으로 발생할 수 있는 교통 상황에 신속하게 대처할 수 있는 능력이 요구된다. 화물을 안전하고 신속하게 운송하겠다는 책임감을 가지고 있어야 하며, 교통 법규를 준수하는 도덕성이 요구된다.크레인 및 호이스트운전원은 공간 판단력, 손발의 협응 능력 등이 요구되며 기계나 장비를 잘 다루고 정비할 수 있는 능력이 필요하다. 정교한 손놀림과 건강한 신체를 가지고 있어야 하며 성실함과 책임감을 갖추어야 한다. 현실형과 탐구형의 흥미를 가진 사람에게 적합하며, 독립성, 인내 등의 성격을 가진 사람들에게 유리하다.지게차의 구조와 성능 및 기초적인 정비 업무에 대한 지식이 요구된다. 지게차를 운전하고 조작할 수 있는 정교한 손놀림과 무거운 물건(45kg)을 드는 경우도 있으므로 건강한 체력이 요구된다. 현실형과 예술형의 흥미를 가진 사람에게 적합하며, 독립성, 협조심, 자기통제 능력, 사회성 등의 성격을 가진 사람들에게 유리하다."
택배ㆍ퀵서비스,D060,"상품 등을 고객에게 정확하고 신속하게 배송해야 하므로 상품을 자기 물건처럼 소중하게 다룰 수 있는 책임감이 요구된다. 무거운 물건을 운반하는 일이 잦으므로 건강한 체력이 요구되며, 어떠한 기후조건에도 성실하게 물건을 배달할 수 있는 성실함과 인내력이 요구된다. 신속하고 정확한 배송을 위해 담당 관할 구역의 지리도 잘 파악하고 있어야 한다. 사회형의 흥미를 가진 사람에게 적합하다."
배달,D070,고객이 주문한 음식을 신속하게 배달하고 배달하는 도중 음식을 쏟지 않을 수 있는 균형 감각이 요구된다. 고객이 주문한 음식 요금을 빠르고 정확하게 계산할 수 있는 수리계산능력과 고객 서비스 정신이 요구된다. 대개 차량이나 오토바이를 이용해 음식을 배달하고 물리적인 힘을 사용해 일을 하는 경우가 많으므로 체력적으로 건강하고 활동적인 사람이 유리하다.
병원ㆍ간호ㆍ연구?전체,E000,"약사 및 한약사는 환자의 증상에 민첩하고 순발력이 있어야하며 업무에 필요한 컴퓨터 기술과 사업적인 관리능력이 필요하다. 의약품은 사람의 건강과 직결된 것이기 때문에 투철한 책임의식이 필요하며 약물 조제방법의 숙지가 필요하다. 관습형과 현실형의 흥미를 가진 사람에게 적합하며, 꼼꼼함, 신뢰성, 남에 대한 배려 등의 성격을 가진 사람들에게 유리하다.응급구조사는 항상 긴급한 상황에서 응급처치 업무를 수행하므로 순간적인 판단력 및 순발력이 필요하며, 모든 상황을 침착하게 대처할 수 있는 문제해결능력이 요구된다. 환자의 생명을 다루는 직업으로 봉사정신과 소명의식이 필요하고, 급박한 상황에서 업무를 수행하므로 침착하게 대처할 수 있는 능력이 요구된다. 사회형과 현실형의 흥미를 가진 사람에게 적합하며, 스트레스 감내, 남에 대한 배려, 적응력, 자기통제 능력 등의 성격을 가진 사람들에게 유리하다.일반의사는 진단을 내리기 위한 논리적 분석 능력이 필요하며, 위급한 환자에 대한 빠른 판단력과 치료 결과를 의학적으로 분석할 수 있는 분석력이 요구된다. 투철한 사명감과 성실함이 필요하며 환자에 대한 세심한 배려가 요구된다. 일의 특성상 생명을 다루기 때문에 책임감이 필요하다.분석적인 사고력이 필요하며 다양한 첨단의료장비를 사용하므로 여러 기계를 능숙하게 다룰 수 있는 능력이 요구된다. 미세한 세포, 미생물 등을 정확하게 봐야하므로 색맹이어선 안 된다. 섬세하고 꼼꼼한 성격이 유리하며 정적이고 반복적인 업무를 수행하므로 끈기가 필요하다. 관습형과 탐구형의 흥미를 가진 사람에게 적합하며, 꼼꼼함, 신뢰성, 협조심 등의 성격을 가진 사람들에게 유리하다.장애인 또는 우울증, 자폐증, 발달장애 및 정신장애 등을 가지고 있는 환자들에 대한 거부감과 편견이 없어야 하며, 환자에 대한 애정과 봉사정신, 희생정신이 요구된다. 심리 치료와 음악 치료에 대한 전문적 지식이 요구된다. 사회형과 예술형의 흥미를 가진 사람에게 적합하며, 남에 대한 배려, 사회성, 적응성 등의 성격을 가진 사람들에게 유리하다.임상심리사는 내담자의 심리적인 문제와 성격을 파악할 수 있는 분석적인 사고 능력이 필요하며, 상담이 주요 업무인 만큼 자신의 생각, 감정을 잘 전달할 수 있는 의사소통능력이 요구된다. 내담자의 사생활을 보호해야 할 책임이 있으므로 상담내용은 비밀로 해야 하며, 내담자의 마음을 공감할 수 있는 따뜻한 마음과 인내심이 필요하다. 사회형과 탐구형의 흥미를 가진 사람에게 적합하며, 남에 대한 배려, 자기통제 능력, 인내심 등을 가진 사람들에게 유리하다.작업치료사는 신체적ㆍ정신적으로 협응 능력이 부족한 환자를 대상으로 치료를 수행하므로 환자에 대한 이해와 순발력, 판단력이 필요하다. 자상하고 꼼꼼한 사람에게 유리하며, 환자에 대한 친절한 서비스와 원만한 대인관계를 유지할 수 있는 능력이 필요하다. 사회형과 탐구형의 흥미를 가진 사람에게 적합하며, 남에 대한 배려, 사회성, 협조심 등의 성격을 가진 사람들에게 유리하다.전문의사는 진단을 내리기 위한 논리적 분석 능력이 필요하며, 위급한 환자에 대한 빠른 판단력과 치료 결과를 의학적으로 분석할 수 있는 분석력이 요구된다. 투철한 사명감과 성실함이 필요하며 환자에 대한 세심한 배려가 요구된다. 일의 특성상 생명을 다루기 때문에 책임감이 필요하다.치과의사는 치밀하고 정교하며 손재주가 있는 사람에게 유리하며 구강질환에 대한 빠른 판단력과 치료 결과를 의학적으로 분석할 수 있는 분석력이 요구된다. 투철한 사명감과 봉사정신이 필요하며 환자에 대한 세심한 배려와 친절한 태도, 원만한 대인관계가 필요하다. 현실형과 탐구형의 흥미를 가진 사람에게 적합하며, 남에 대한 배려, 꼼꼼함, 자기를 통제할 수 있는 성격을 가진 사람들에게 유리하다."
간호조무사ㆍ간호사,E010,"물리치료사는 신체적으로 장애가 있는 환자를 대상으로 치료업무를 수행하기 때문에 환자에 대한 이해와 원활한 의사소통 능력이 필요하다. 신체적으로 불편한 사람을 치료하므로 봉사정신이 필요하며, 적절한 치료기구 선정과 환자에게 친절한 서비스가 요구된다. 사회형과 현실형의 흥미를 가진 사람에게 적합하며, 자기통제 능력, 남에 대한 배려, 사회성 등의 성격을 가진 사람들에게 유리하다.환자에 대한 배려심과 봉사심, 희생정신이 요구된다. 의료관련 물품 및 기기에 대한 지식을 가지고 있어야 하며, 응급상황 시 빠르게 대처할 수 있는 순발력과 판단력이 요구된다. 의료진과 직원, 환자들과 원활하게 의사소통을 할 수 있는 능력이 요구된다. 사회형과 현실형의 흥미를 가진 사람에게 적합하며, 협조, 남에 대한 배려, 사회성, 정직등의 성격을 가진 사람들에게 유리하다.간호사는 응급상황 시 빠르게 대처할 수 있는 순발력 및 판단력이 필요하며 전문 의학 용어와 생물, 심리 등에 대한 기본 지식이 요구된다. 정확하고 꼼꼼한 성격을 가진 사람에게 유리하며, 의료진 및 환자들과 원활한 의사소통을 할 수 있는 능력과 다른 사람을 잘 배려하고 봉사하는 마음이 있어야 한다. 현실형과 사회형의 흥미를 가진 사람에게 적합하며, 사회성, 정직성, 신뢰성 등의 성격을 가진 사람들에게 유리하다.죽음을 앞둔 환자를 돌보는 일을 하기 때문에 무엇보다 환자에 대한 투철한 봉사정신과 희생정신이 요구된다. 장시간 동안 일하는 경우가 많으므로 신체적으로 건강해야 하며, 성실함, 인내심, 그리고 응급시의 발 빠른 대처능력이 필요하다."
간병ㆍ요양보호사,E020,"환자에 대한 배려심과 봉사심, 희생정신이 요구된다. 의료관련 물품 및 기기에 대한 지식을 가지고 있어야 하며, 응급상황 시 빠르게 대처할 수 있는 순발력과 판단력이 요구된다. 의료진과 직원, 환자들과 원활하게 의사소통을 할 수 있는 능력이 요구된다. 사회형과 진취형의 흥미를 가진 사람에게 적합하며, 남에 대한 배려, 스트레스 감내, 인내심, 자기통제를 할 수 있는 성격을 가진 사람들에게 유리하다.신체 및 안마기술에 대한 전문 지식과 고객에 대한 서비스 정신이 요구된다. 사회형과 예술형의 흥미를 가진 사람에게 적합하며, 자기통제 능력, 남에 대한 배려, 성취감 등의 성격을 가진 사람들에게 유리하다."
원무ㆍ코디네이터,E030,"보건의료정보관리사는 의료분야의 전산화로 전문적인 전산지식이 필요하며 수많은 통계자료를 보며 업무를 수행하므로 분석적사고 능력이 필요하다. 차분하고 인내심과 꼼꼼한 사람에게 유리하며, 병원관계자나 관련 의료인들과 함께 협력하여 일을 수행하므로 원만한 대인관계가 필요하다. 관습형과 현실형의 흥미를 가진 사람에게 적합하며, 꼼꼼함, 분석적 사고, 정직성 등의 성격을 가진 사람들에게 유리하다.상황 판단력과 순발력이 필요하며, 상담, 심리 등에 관한 지식과 기본적인 의료 상식이 있어야 한다. 남에 대한 배려와 책임의식이 필요하며 긍정적이고 활달한 성격을 가진 사람에게 적합하다. 고객 서비스 마인드를 가지고 있어야 하며 원만한 대인관계를 유지할 수 있어야 한다. 관습형과 진취형의 흥미를 가진 사람에게 적합하며, 리더십, 책임감, 사회성 등의 성격을 가진 사람들에게 유리하다."
외래보조ㆍ병동보조,E040,"치과위생사는 치위생에 관한 기초지식이 필요하며 병원뿐만 아니라 타 공사기관에서 구강보건교육을 실시하기도 하므로 언어전달 능력이 요구된다. 섬세한 손놀림과 꼼꼼한 성격이 유리하며, 스케일링 및 일부 치료를 할 때 치과 의료기기의 원활한 작동능력이 요구된다. 현실형과 관습형의 흥미를 가진 사람에게 적합하며, 남에 대한 배려, 협조심, 스트레스 통제력 등의 성격을 가진 사람들에게 유리하다.방사선사는 기계를 조작하는 일이 많으므로 기계 활용능력, 집중력, 기술력이 요구되며 의학용어, 전문용어에 대한 지식이 필요하다. 병원 내 유관기관의 의료직원들과 의료정보 및 지시사항을 공유하는 경우가 많으므로 원만한 의사소통과 대인관계가 요구된다. 현실형과 탐구형의 흥미를 가진 사람에게 적합하며, 자기통제 능력, 남에 대한 배려, 협조심 등의 성격을 가진 사람들에게 유리하다."
수의테크니션ㆍ동물보건사,E050,"수의사는 세심한 관찰력이 필요하며, 돌발 상황 시 침착하게 문제를 해결할 수 있는 문제해결능력, 자기통제능력이 요구된다. 세밀한 관찰력과 꼼꼼한 사람에게 유리하며, 의연하게 대처할 수 있는 침착성과 인내심, 끈기가 필요하다. 탐구형과 사회형의 흥미를 가진 사람에게 적합하며, 신뢰, 정직, 책임감 등의 성격을 가진 사람들에게 유리하다."
실험ㆍ연구보조,E060,"대체에너지개발연구원은 새로운 대체 에너지를 연구ㆍ개발할 수 있는 창의력과 논리적으로 분석 할 수 있는 능력이 있어야 한다. 새로운 에너지를 계속 개발하려고 하는 탐구자세가 요구되며, 진취적인 사람에게 적합하다.환경공학기술자 및 연구원은 환경문제의 원인을 규명하고 이를 창의적으로 해결할 수 있는 분석력, 혁신적인 자세, 업무를 추진할 수 있는 리더십이 필요하다. 환경공학은 통계적인 수치로 오염정도를 분석하는 경우가 많으므로 신속정확하고 꼼꼼한 사람에게 유리하며, 실험을 자주하므로 끈기와 인내심이 요구된다. 관습형과 진취형의 흥미를 가진 사람에게 적합하며, 정직, 신뢰, 성취, 분석적 사고 등의 성격을 가진 사람들에게 유리하다.기계공학 기술자ㆍ연구원은 새로운 모델과 신기술 개발을 위해서 논리적이며 분석적인 자세가 요구되며, 부가가치가 높은 신제품을 개발하기 위한 혁신적이며 창의적인 사고력이 필요하다. 타 관련 전문가와의 협력에 의해 일을 하게 되는 경우가 많으므로 협동정신, 원만한 대인관계가 필요하다. 현실형과 탐구형의 흥미를 가진 사람에게 적합하며, 스트레스 감내성, 분석적 사고, 적응성 및 융통성 등의 성격을 가진 사람들에게 유리하다.자동제어나 전자회로, 로봇 설계 등에 대한 지식과 응용능력이 요구되며, 기술이 계속 발전하므로 새로운 기술습득과 끊임없는 자기계발을 위해 노력하는 자세가 필요하다. 새로운 것에 대한 탐구정신과 호기심, 창의성과 문제해결을 위한 논리적 사고, 분석력, 그리고 정확한 판단력이 요구된다. 다른 기술자나 전문가와 협력하여 일을 하는 경우가 많으므로, 원만한 대인관계능력과 명확한 의사소통능력이 필요하다.인간의 신경망 및 전자공학 등에 대한 지식과 흥미를 가지고 있어야 하며, 수학, 물리, 화학 등 기초적 과학 분야에 대한 재능이 요구된다. 각종 컴퓨터 응용 프로그램을 능숙하게 활용할 수 있는 능력이 요구되며, 계속해서 발전하는 새로운 기술을 습득하려는 노력과 자기계발 자세가 필요하다. 새로운 것에 대한 탐구정신과 호기심, 창의성과 문제해결을 위한 논리적 사고, 분석력, 그리고 정확한 판단력이 요구된다.수학, 물리학 등 기초과목에 대한 흥미와 재능을 가지고 있어야 하며, 원자력에 대한 전문 지식이 요구된다. 논리적이고 분석적인 사고능력, 창의력과 문제해결능력을 가지고 있어야 하며, 방사선이나 핵폐기물과 같은 위험물을 다루므로 주의력과 조심성이 필요하다. 원자력 발전장치 및 기기를 조작하고 통제할 수 있는 능력이 요구되며, 시스템 전반에 대한 복합적 사고능력과 이해력이 필요하다. 탐구형과 관습형의 흥미를 가진 사람에게 적합하다.기본적으로 수학, 물리, 화학 등 자연과학 교과목에 흥미와 소질이 있어야 하며, 문제해결을 위해 창의적이고 논리적으로 사고할 수 있는 능력이 요구된다. 실험실에서 장시간 실험하고 분석하는 일이 많으므로 꼼꼼한 관찰력, 세심함, 끈기 등이 필요하며, 컴퓨터 운용능력도 요구된다. 또한 수질환경 문제를 해결하고 수질환경을 보존하여 사회에 이바지한다는 소명감을 가지고 있어야 한다. 탐구형과 관습형의 흥미를 가진 사람에게 적합하다.새로운 것에 대한 탐구정신과 호기심, 창의성, 관찰력을 가지고 있어야 하며 천문학, 지구 대기학, 기상학에 대한 지식은 물론 수학과 물리학적 지식이 요구된다. 기상 관측 및 예측은 정확성을 요하는 직업이므로 정확한 판단력과 꼼꼼한 성격의 소유자에게 적합하다. 새로운 방법을 고안하기 위해 사용하는 기술 및 도구를 분석할 수 있는 분석적 사고력이 요구된다. 기상관측에 사용되는 첨단 장비를 원활하게 운용하고 활용할 수 있는 능력이 요구된다수학, 물리, 화학과 같은 자연과학에 대한 흥미와 소질을 가지고 있어야 하며, 새로운 것에 대한 탐구정신과 호기심, 창의성과 문제해결을 위한 논리적 사고, 분석력, 그리고 정확한 판단력이 요구된다. 실험실에서의 장시간 동안 실험하고 분석할 수 있는 체력과 끈기, 인내심이 있어야 하며, 물리학 연구 보고서와 논문을 작성할 수 있는 논리적 언어표현능력과 문서작성능력이 요구된다. 자연 현상에 대해 호기심을 가지고 관찰하는 것을 즐기며 체계적인 조사나 연구 활동을 선호하는 사람에게 적합하다. 문제에 대한 답을 구하기 위해 정보를 분석하거나 논리를 사용하는 사람에게 적합하다. 전공 분야에 대한 전문 지식을 가지고 있어야 하며, 이 지식을 실제에 적용 혹은 응용할 수 있는 능력이 필요하다. 기존의 방법을 개선하기 위해 현재의 기술을 분석하거나 새로운 방법을 고안하는 능력이 필요하다. 사용자의 요구에 맞게 장비나 기술을 개발하는 능력이 필요하다. 전공 분야에 따라 수리적인 능력이나 소프트웨어를 다루는 능력이 필요하다.새로운 것에 대한 탐구정신과 호기심이 있어야 하며, 문제해결을 위한 논리적 사고 및 분석력, 그리고 새로운 방법으로 문제해결을 시도할 수 있는 창의력이 필요하다. 지질 연구와 관련한 첨단장비 및 프로그램 운용능력과 새로운 기술습득을 위한 학습능력이 요구된다. 탐구형과 진취형의 흥미를 가진 사람에게 적합하다.새로운 것에 대한 탐구정신과 호기심, 창의성, 관찰력을 가지고 있어야 하며 천문학에 대한 전문 지식은 물론 수학과 물리학적 지식이 요구된다. 별자리의 위치를 파악하기 위한 공간지각능력을 갖추고 있어야 하며 광학망원경, 전파망원경 및 컴퓨터운용능력 등이 요구된다. 문제해결을 위한 논리적 사고 및 분석력과 장시간 동안 별자리의 움직임을 관찰할 수 있는 체력과 끈기가 필요하다.신체나 동물에 대한 해부학과 의학적 지식을 가지고 있어야 하며 인간의 몸에 대한 흥미와 호기심, 생명에 대한 존엄성이 요구된다. 장기간의 연구를 진행할 수 있는 차분한 성격, 끈기, 인내심, 관찰력 등이 요구된다.수학, 물리, 화학과 같은 자연과학에 대한 흥미와 소질을 가지고 있어야 하며 새로운 것에 대한 탐구정신과 호기심, 창의성과 문제해결을 위한 논리적 사고, 분석력, 그리고 정확한 판단력이 요구된다. 실험실에서의 장시간 동안 실험하고 분석할 수 있는 체력과 끈기, 인내심이 있어야 하며 화학 연구 보고서와 논문을 작성할 수 있는 논리적 언어표현능력과 문서작성능력이 요구된다.컴퓨터하드웨어 기술자 및 연구원은 논리적이고 분석적 사고능력이 필요하며 창의적인 사고와 종합적인 판단력이 요구된다. 하드웨어 개발 및 제품생산 단계에서 문제가 발생하였을 때 원인을 찾아 해결하는 끈기가 필요하며, 여러 명이 팀을 이루어 제품을 개발하기 때문에 협동심과 원만한 대인관계가 요구된다.통신공학 기술자 및 연구원은 새로운 프로그램을 개발운영하기 위한 최첨단 시스템에 대한 기술개발능력이 필요하며 문제해결을 위한 분석력, 창의력, 판단력이 요구된다. 세심하고 꼼꼼한 성격을 가진 사람에게 유리하며 여러 명이 함께 공동 작업을 하는 경우가 많으므로 책임감, 원만한 인간관계가 필요하다. 탐구형과 진취형의 흥미를 가진 사람에게 적합하며, 분석적 사고, 리더십, 꼼꼼함 등의 성격을 가진 사람들에게 유리하다."
생동성ㆍ임상시험,E070,"생물학 및 자연과학 전반에 대한 지식을 가지고 있어야 하며 자연법칙과 과학적 연구방법을 이해하고 적용할 수 있는 논리력, 추리력, 관찰력 등이 요구된다. 새로운 것에 대한 탐구정신과 호기심이 요구되며 장시간의 실험과 분석을 견뎌낼 수 있는 인내심과 꼼꼼함, 세밀함이 요구된다. 생명체와 생명현상에 관심과 열정을 가지고 있어야 한다. 탐구형과 현실형의 흥미를 가진 사람에게 적합하다.생물학, 공학, 의학, 약학 등 관련 학문에 대한 지식과 학제간 연계 분야의 가능성과 한계에 대한 정확한 이해가 요구된다. 생물공학 분야에서는 연구가 끊임없이 진행되므로 이를 견뎌낼 수 있는 체력과 끈기, 인내심과 문제해결을 위한 논리적 사고 및 분석력, 정확한 판단력이 요구된다. 대다수의 생물공학 기술자는 팀을 이루어 작업을 수행할 뿐 아니라 다른 학문의 연구자들과의 협력 및 상호보완을 통해 연구를 진행하므로 원만한 대인관계능력과 협동심이 필요하다. 자연법칙과 과학적 연구방법을 이해하고 적용할 수 있는 논리력, 추리력, 관찰력이 요구된다. 생명현상을 체계적으로 분석하기 위해서는 수학적 능력이 있어야 한다. 첨단 기술을 적용해야 하므로 변화에 대처할 수 있는 창의적이고 개방적인 사고능력이 필요하다.생물학 및 자연과학 전반에 대한 지식을 가지고 있어야 하며 자연법칙과 과학적 연구방법을 이해하고 적용할 수 있는 논리력, 추리력, 관찰력 등이 요구된다. 새로운 것에 대한 탐구정신과 호기심이 요구되며 장시간의 실험과 분석을 견뎌낼 수 있는 인내심과 꼼꼼함, 세밀함이 요구된다. 생명체와 생명현상에 관심과 열정을 가지고 있어야 한다. 탐구형과 현실형의 흥미를 가진 사람에게 적합하다.유전공학, 의학, 약학 등 관련 학문에 대한 지식을 가지고 있어야 하며, 전통과학 기술과 첨단기술을 연계하여 변화에 대응할 수 있는 창의적이고 개방적 사고능력이 요구된다. 장시간 동안 끊임없이 진행되는 연구를 견디어낼 수 있는 체력과 끈기, 인내심과 문제해결을 위한 논리적 사고 및 분석력, 정확한 판단력이 요구된다. 전자현미경과 같은 최첨단의 실험도구나 여러 컴퓨터 프로그램들을 능숙하게 활용하고 운용할 수 있는 능력이 요구된다.컴퓨터 구조와 원리에 대한 이해능력 및 높은 프로그래밍 능력이 요구된다. 사용 후 느낌과 장단점을 파악해 글을 잘 적는 기술이 필요하며, 꼼꼼한 성격에 적합하다."
